datetaime,price,market_caps,total_volumes
2024-08-21 08:11:53,6.642,16774467231.80316,307076862.89137566
2024-08-21 09:14:25,6.659,16817513008.378664,307926321.27939665
2024-08-21 10:04:46,6.65,16794245132.241655,308852644.2488411
2024-08-21 11:01:06,6.73,17008170152.10975,318024958.45037585
2024-08-21 12:13:07,6.756,17070966822.4753,326099169.7093756
2024-08-21 13:11:37,6.713,16960145498.039011,321941012.73255837
2024-08-21 14:13:07,6.739,17052285581.291882,312696159.8811384
2024-08-21 15:24:24,6.708,16958653171.399368,301823868.445864
2024-08-21 16:15:27,6.683,16866082624.698904,293025846.43431056
2024-08-21 17:09:05,6.701,16948639438.136883,282243159.63818705
2024-08-21 18:20:26,6.682,16868095216.068245,297551715.26897293
2024-08-21 19:20:30,6.724,16997031005.662935,302410866.3146026
2024-08-21 20:18:05,6.585,16643656360.215776,320478863.89269155
2024-08-21 21:03:27,6.517,16479722215.34538,120845625.49421252
2024-08-21 22:11:12,6.54,16518099584.19314,375318149.09174174
2024-08-21 23:08:54,6.502,16424904445.142113,381895011.9179442
2024-08-22 00:13:26,6.485,16426578975.708998,383299094.22628987
2024-08-22 01:14:03,6.511,16432502511.520433,388164825.92552155
2024-08-22 02:05:27,6.546,16534417523.868193,391143919.79023385
2024-08-22 03:15:58,6.549,16544306330.156609,398464878.7629894
2024-08-22 04:10:36,6.583,16640839300.753107,413201180.05309343
2024-08-22 05:24:23,6.558,16553269801.425438,419003958.3068634
2024-08-22 06:04:50,6.552,16547742181.84466,424425585.28159386
2024-08-22 07:11:06,6.498,16400771304.396961,450880262.1100519
2024-08-22 08:19:43,6.497,16402126384.684727,448124927.3435726
2024-08-22 09:00:14,6.527,16479242083.651625,450215667.6415381
2024-08-22 10:16:03,6.511,16418692157.056429,439868580.2914904
2024-08-22 11:07:04,6.539,16540173316.310614,444206604.9845556
2024-08-22 12:21:35,6.519,16456516176.606947,442314852.7905195
2024-08-22 13:09:15,6.542,16521941810.707182,442603892.540317
2024-08-22 14:00:59,6.545,16497575706.197002,436981565.26062155
2024-08-22 15:08:33,6.528,16454770033.800695,425277849.0998214
2024-08-22 16:10:18,6.531,16495016375.571182,428737778.9737732
2024-08-22 17:13:40,6.559,16572439424.797375,423833103.4233447
2024-08-22 18:19:14,6.577,16594236021.920006,424800762.95096314
2024-08-22 19:01:33,6.564,16596792722.111597,430427958.9136871
2024-08-22 20:16:39,6.527,16483928102.98065,393231763.5214032
2024-08-22 21:17:17,6.511,16448961865.603586,370003488.2392314
2024-08-22 22:17:06,6.516,16458358538.132221,354724713.5309944
2024-08-22 23:19:40,6.502,16408567736.074759,344504035.65965104
2024-08-23 00:15:07,6.509,16416965555.932686,336925676.4098708
2024-08-23 01:17:20,6.54,16525160176.69464,332778063.6253929
2024-08-23 02:12:26,6.538,16512902758.493074,329416823.0863497
2024-08-23 03:00:34,6.523,16476655233.118164,318545064.28455627
2024-08-23 04:00:39,6.528,16487953557.368221,300792034.6726406
2024-08-23 05:04:40,6.548,16538805304.213566,297537161.1699067
2024-08-23 06:18:30,6.557,16562808831.719454,294588587.97975945
2024-08-23 07:05:36,6.611,16687608633.840204,275823495.67408925
2024-08-23 08:13:22,6.589,16625880617.975603,268906261.77058387
2024-08-23 09:20:38,6.614,16700412404.358038,275652662.50482744
2024-08-23 10:00:23,6.585,16643436256.73679,280633826.0101218
2024-08-23 11:02:55,6.579,16630414780.982983,267020462.21624205
2024-08-23 12:20:23,6.558,16567561263.464993,264869515.0167251
2024-08-23 13:25:53,6.59,16640499317.079063,260816928.13995668
2024-08-23 14:16:19,6.63,16723990517.921831,263464008.09201625
2024-08-23 15:18:29,6.562,16568940654.862642,276904603.52485037
2024-08-23 16:13:01,6.591,16627763832.324127,278059373.17254627
2024-08-23 17:17:55,6.62,16718925900.739285,274111559.70143366
2024-08-23 18:22:33,6.699,16833673633.136457,305347310.5530096
2024-08-23 19:13:36,6.717,16927590074.949953,306975469.75994194
2024-08-23 20:08:03,6.73,17002843398.609983,316717094.1675602
2024-08-23 21:22:56,6.852,17356956002.546448,325213497.9515538
2024-08-23 22:01:58,6.792,17169481288.048826,337103768.0867153
2024-08-23 23:17:42,6.738,17030612639.994146,356246271.8922687
2024-08-24 00:18:29,6.683,16889483152.409147,357268405.0624337
2024-08-24 01:14:09,6.719,16978988364.97261,366055838.5049161
2024-08-24 02:09:32,6.733,16990617822.831045,372329701.77589375
2024-08-24 03:10:55,6.749,17056170012.296215,370634378.53728205
2024-08-24 04:17:33,6.74,17033876633.800531,372245371.1523674
2024-08-24 05:07:16,6.695,16908199533.142206,369716700.38787013
2024-08-24 06:12:43,6.687,16899009529.460388,356433558.9317343
2024-08-24 07:13:25,6.71,16945608564.73416,360363862.31953776
2024-08-24 08:05:36,6.717,16969949819.987818,359069458.5466542
2024-08-24 09:18:30,6.732,17017176627.683815,350421941.85334593
2024-08-24 10:20:57,6.78,17129430382.124247,339215116.60319734
2024-08-24 11:04:30,6.752,17077528088.475046,344528508.1245531
2024-08-24 12:23:13,6.732,17013590641.617468,356419090.68258643
2024-08-24 13:13:00,6.779,17106842578.210285,357377703.7471086
2024-08-24 14:20:42,6.762,17110103558.223099,356289208.964797
2024-08-24 15:10:28,6.813,17218162530.300243,344284940.68527883
2024-08-24 16:04:39,6.845,17270035409.824154,349762167.7459309
2024-08-24 17:18:35,6.835,17272067329.86342,356318762.170792
2024-08-24 18:03:08,6.807,17190510306.139374,349003202.84030133
2024-08-24 19:16:48,6.805,17184184574.537212,330969629.45384187
2024-08-24 20:01:29,6.799,17180439573.36543,316676616.6299438
2024-08-24 21:01:11,6.309,16176510248.502642,434667667.1113226
2024-08-24 22:25:39,5.714,14305158930.317034,1170599380.1114
2024-08-24 23:22:03,5.679,14405149853.11004,1478244047.2658489
2024-08-25 00:03:52,5.926,14978513203.743736,1656366224.7502098
2024-08-25 01:10:19,5.731,14467888836.886822,1840970922.176693
2024-08-25 02:15:39,5.774,14534965214.058167,2016415852.8002002
2024-08-25 03:11:53,5.828,14660003863.942287,2127815079.782995
2024-08-25 04:14:48,5.773,14601880431.112003,2183130685.328341
2024-08-25 05:01:30,5.782,14596746270.169731,2226563302.4533973
2024-08-25 06:16:01,5.633,14362422740.268883,2299807204.7125826
2024-08-25 07:10:38,5.606,14159926145.382467,2364649049.2254295
2024-08-25 08:06:45,5.308,13414693817.11068,2449265451.804653
2024-08-25 09:08:45,5.481,13850768024.920986,2619014732.123246
2024-08-25 10:08:09,5.644,14289117722.06245,2762039230.7612605
2024-08-25 11:10:29,5.6,14121091250.038986,2756485941.2845235
2024-08-25 12:23:28,5.716,14446168991.084187,2969242183.33358
2024-08-25 13:24:24,5.634,14271395305.711893,3040259098.3934155
2024-08-25 14:05:55,5.649,14297554646.922564,3058928617.416778
2024-08-25 15:21:54,5.796,14691042992.963028,3198346114.920825
2024-08-25 16:03:14,5.866,14831764788.119457,3325112228.560416
2024-08-25 17:15:39,5.822,14734519708.437366,3433277661.785746
2024-08-25 18:04:44,5.806,14711744696.898205,3475900707.751898
2024-08-25 19:26:21,5.886,14914381496.03997,3566902884.7930017
2024-08-25 20:02:59,5.881,14907107852.042217,3590673116.563969
2024-08-25 21:22:28,5.902,14912563260.221193,3175791793.918803
2024-08-25 22:20:52,5.918,15013736667.15258,2724219752.653696
2024-08-25 23:15:58,5.859,14842152946.86076,2432679545.093826
2024-08-26 00:21:48,5.768,14555737019.90085,2196395894.865227
2024-08-26 01:17:58,5.771,14595219686.642473,2100775758.2377687
2024-08-26 02:17:11,5.671,14365019565.203114,1996975459.9302666
2024-08-26 03:15:32,5.713,14481520269.974731,1953555356.8335793
2024-08-26 04:05:36,5.749,14580597393.856436,1934502496.3191068
2024-08-26 05:12:01,5.782,14676551553.647942,1863199342.0298173
2024-08-26 06:25:29,5.669,14364333086.998709,1781643577.5362782
2024-08-26 07:25:37,5.632,14274486089.172508,1748269045.8944237
2024-08-26 08:25:44,5.654,14326616550.130545,1612578400.3872368
2024-08-26 09:00:18,5.621,14254926554.652191,1555316666.8551207
2024-08-26 10:14:02,5.684,14393763445.673325,1483243598.0580537
2024-08-26 11:16:38,5.643,14299617452.103085,1462628008.5315402
2024-08-26 12:11:45,5.542,14209678875.498175,1387410619.1689575
2024-08-26 13:23:18,5.574,14129681423.170116,1375239354.9917216
2024-08-26 14:22:49,5.551,14068505516.540499,1306611028.4841406
2024-08-26 15:04:49,5.597,14187919135.6276,1354021340.433865
2024-08-26 16:14:40,5.622,14212437214.586275,1245123945.1954048
2024-08-26 17:18:49,5.529,14024255839.639994,1145602249.5968761
2024-08-26 18:25:47,5.307,13516294617.361767,1165583158.3403869
2024-08-26 19:16:31,5.399,13730790595.819727,1179117948.2817056
2024-08-26 20:25:36,5.326,13500524060.876312,1198023347.6752677
2024-08-26 21:04:04,5.325,13497087934.310635,1210457608.1021404
2024-08-26 22:23:01,5.114,12971951898.351503,1276990904.7964985
2024-08-26 23:23:37,5.126,12965943011.446613,1289769744.7240298
2024-08-27 00:11:29,5.19,13087784872.93665,1285079305.8178172
2024-08-27 01:01:32,5.273,13350836477.064161,1310073446.8342175
2024-08-27 02:19:50,5.295,13419936903.862091,1269546002.1159165
2024-08-27 03:00:47,5.244,13264610372.834213,1282424963.1968563
2024-08-27 04:08:27,5.349,13541558192.45293,1265788166.2321265
2024-08-27 05:19:43,5.38,13641645894.279144,1265852917.3738632
2024-08-27 06:16:18,5.386,13729240410.286758,1272928495.6071422
2024-08-27 07:07:30,5.355,13566218247.225552,1268681944.990179
2024-08-27 08:09:41,5.405,13654774648.03971,1238250413.448612
2024-08-27 09:15:36,5.453,13806640817.357635,1240503581.043737
2024-08-27 10:22:52,5.49,13933620788.348824,1250327665.5708873
2024-08-27 11:02:06,5.432,13770812123.722765,1279261529.7869446
2024-08-27 12:10:36,5.426,13861724704.891758,1206716531.031161
2024-08-27 13:15:49,5.468,13881853982.86408,1176771349.587287
2024-08-27 14:11:08,5.431,13847740679.102903,1156040441.1260915
2024-08-27 15:31:29,5.475,13880264503.556446,1142117122.8703427
2024-08-27 16:11:47,5.428,13768047813.591349,1113501262.7997386
2024-08-27 17:20:30,5.398,13698052480.446068,1081400757.461296
2024-08-27 18:23:12,5.464,13841185323.168444,1015908235.3629041
2024-08-27 19:24:01,5.585,14233176913.376116,1051388168.7648352
2024-08-27 20:12:42,5.528,14044948739.224539,1000800721.1646048
2024-08-27 21:10:17,5.491,13891070090.720911,942577752.3707843
2024-08-27 22:20:32,5.199,13177771835.302814,871340034.0592725
2024-08-27 23:18:43,5.348,13597476560.6447,907354384.7036337
2024-08-28 00:23:51,5.375,13625795879.836433,897069776.2641807
2024-08-28 01:22:07,5.32,13518165636.696644,898104928.9984183
2024-08-28 02:08:06,5.244,13299360025.05715,907837673.6346536
2024-08-28 03:18:03,5.314,13420053767.116652,940733356.0422881
2024-08-28 04:16:30,5.327,13524509511.495176,936357197.7956446
2024-08-28 05:14:58,5.282,13367130659.850592,927625186.523891
2024-08-28 06:09:15,5.342,13528928084.937176,920861929.0569397
2024-08-28 07:20:35,5.335,13534028644.593218,882293065.7017715
2024-08-28 08:21:44,5.329,13489492061.241693,887717592.5529155
2024-08-28 09:23:29,5.417,13678796357.628138,896075723.2675573
2024-08-28 10:26:13,5.534,14052027508.681837,941719267.1136547
2024-08-28 11:08:19,5.505,13943198245.578554,930086580.7773136
2024-08-28 12:25:59,5.425,13776545201.983152,964270669.600606
2024-08-28 13:12:17,5.436,13789279149.17508,990709964.2084751
2024-08-28 14:24:30,5.746,14718928601.752426,1293054296.5177317
2024-08-28 15:06:12,5.643,14243380724.027466,1588641728.4134643
2024-08-28 16:16:36,5.556,14080351734.092688,1803793991.1825867
2024-08-28 17:20:54,5.483,13890934300.05546,1901557304.2494311
2024-08-28 18:26:43,5.579,14096555432.855305,1927510051.2083025
2024-08-28 19:26:12,5.517,14016811710.095123,1915773817.5200796
2024-08-28 20:07:16,5.45,13830436931.429203,2128125070.023594
2024-08-28 21:11:51,5.436,13743772577.11506,2159242045.816927
2024-08-28 22:23:55,5.437,13791062795.828772,2116248236.4048226
2024-08-28 23:19:10,5.516,13994785151.67891,2106666270.234918
2024-08-29 00:22:07,5.582,14106500440.756874,2094632540.1559238
2024-08-29 01:20:05,5.606,14256408793.90501,2088356736.8484354
2024-08-29 02:21:10,5.58,14151728336.228813,2013133199.3645313
2024-08-29 03:05:09,5.597,14203175328.518463,2016610325.850196
2024-08-29 04:27:56,5.575,14132104628.717743,2046379182.1600323
2024-08-29 05:11:58,5.55,14066768357.144203,2039521243.7804496
2024-08-29 06:13:55,5.547,14053208660.784304,1980281596.0045853
2024-08-29 07:27:38,5.573,14140784799.154846,1986561479.3854973
2024-08-29 08:16:21,5.594,14175428957.756414,1983124053.9453359
2024-08-29 09:28:10,5.601,14184502122.455935,2009993135.953175
2024-08-29 10:04:10,5.583,14153400080.219482,1716899105.297774
2024-08-29 11:26:32,5.603,14191313713.212233,1902840878.9888532
2024-08-29 12:09:33,5.589,14156489926.058619,1877814388.0424206
2024-08-29 13:20:47,5.573,14124923392.862099,1827317235.8246872
2024-08-29 14:31:50,5.549,14078088352.698597,1347936645.0570652
2024-08-29 15:26:00,5.547,14058891289.574745,1028575107.8859982
2024-08-29 16:36:25,5.49,13930897207.452389,940522321.0453069
2024-08-29 17:48:23,5.507,13957275364.453817,879923733.7363375
2024-08-29 18:19:42,5.459,13839268138.52725,857708988.4734395
2024-08-29 19:45:47,5.454,13826095483.343914,750154185.302503
2024-08-29 20:33:24,5.415,13727527888.461372,580118772.4538225
2024-08-29 22:08:10,5.385,13643792400.018959,468321707.5213395
2024-08-29 22:39:28,5.41,13698871833.69687,467525102.25601447
2024-08-30 00:07:53,5.444,13806701674.379478,454022460.10685414
2024-08-30 00:46:28,5.478,13907273264.586597,485775458.0924809
2024-08-30 02:15:52,5.492,13919925343.680485,421760225.9992182
2024-08-30 03:09:55,5.474,13876456009.238531,447148365.703678
2024-08-30 04:20:51,5.454,13819551274.474186,414362552.9700806
2024-08-30 05:21:53,5.418,13717910937.228256,441886910.83065987
2024-08-30 06:17:44,5.47,13809076245.317173,442308287.8630459
2024-08-30 07:12:16,5.458,13850890364.832525,429008642.7698552
2024-08-30 08:12:31,5.427,13769405363.428904,414029760.36125296
2024-08-30 09:22:21,5.426,13758267433.935581,402478565.7583172
2024-08-30 10:19:06,5.422,13746260617.174242,398173219.3680379
2024-08-30 11:32:03,5.395,13682282801.537945,396426834.10603064
2024-08-30 12:26:09,5.401,13738115496.499899,389860000.92593354
2024-08-30 13:18:42,5.425,13730193307.948431,381910840.1387879
2024-08-30 14:04:54,5.447,13813008265.209389,378932020.7752409
2024-08-30 15:04:44,5.381,13696481728.45069,374325275.27483135
2024-08-30 16:09:37,5.309,13415428434.381119,386265214.4508153
2024-08-30 17:38:51,5.305,13451471609.791134,363466231.296432
2024-08-30 18:08:34,5.305,13413818835.617367,358748925.99834836
2024-08-30 19:09:21,5.303,13453237365.103788,347803294.923093
2024-08-30 20:31:26,5.317,13476219452.073727,343987117.52657706
2024-08-30 21:46:51,5.353,13563300236.552397,371368705.350313
2024-08-30 22:27:43,5.355,13577731833.679085,352911939.7181103
2024-08-30 23:24:41,5.372,13616700506.907013,335444357.77009344
2024-08-31 00:14:12,5.378,13614035781.281359,348925801.3189673
2024-08-31 01:22:39,5.369,13607738997.889633,343774453.624681
2024-08-31 02:03:58,5.361,13588379356.883947,340876154.19874907
2024-08-31 03:21:21,5.363,13590020273.629816,333353819.21870285
2024-08-31 04:26:09,5.383,13649248905.505606,328205085.92162424
2024-08-31 05:00:38,5.388,13651579090.939455,344330259.3270961
2024-08-31 06:21:39,5.357,13556826163.922764,315464307.47233754
2024-08-31 07:11:51,5.359,13573734381.317167,310049202.2367026
2024-08-31 07:49:17,5.359,13588485118.380327,310741705.6224253
2024-08-31 09:11:27,5.333,13511024392.845467,297628475.7579971
2024-08-31 10:10:46,5.321,13482583396.482279,289888143.4562577
2024-08-31 10:46:43,5.329,13503681412.757421,298734343.19411826
2024-08-31 12:00:42,5.325,13504797546.088354,301360937.9840609
2024-08-31 12:44:22,5.297,13418604288.114601,298366509.9725435
2024-08-31 13:44:14,5.301,13453850855.705097,295661153.9150466
2024-08-31 14:26:05,5.293,13404498777.095016,284456679.57227093
2024-08-31 15:43:46,5.37,13567738723.734285,276980915.29358333
2024-08-31 16:31:51,5.399,13653327480.296928,272677895.8061621
2024-08-31 17:27:41,5.379,13635543572.55896,273186444.8622229
2024-08-31 18:12:02,5.407,13703666600.870005,279990385.9591603
2024-08-31 19:04:45,5.388,13656248432.258204,274531770.6568703
2024-08-31 20:28:56,5.399,13686633281.308601,263903464.84986547
2024-08-31 21:24:57,5.4,13697314461.50001,252526849.88350534
2024-08-31 22:12:40,5.421,13745226246.866278,244389065.9488031
2024-08-31 23:16:08,5.417,13731349871.086061,249790724.80530632
2024-09-01 00:13:06,5.419,13755613022.284477,255041823.10559443
2024-09-01 01:12:31,5.441,13792147961.529385,254225093.989484
2024-09-01 02:18:52,5.357,13575254005.315346,260671355.66498494
2024-09-01 03:07:13,5.381,13631963020.289654,259775296.85153303
2024-09-01 04:25:28,5.387,13665487045.34967,265084464.63500974
2024-09-01 05:24:15,5.424,13753697376.956264,270197142.32622015
2024-09-01 06:13:51,5.399,13653145750.000067,278811519.5776032
2024-09-01 07:01:09,5.379,13617563574.241772,268962908.7619489
2024-09-01 08:19:39,5.373,13629492602.775486,282081031.41834307
2024-09-01 09:24:43,5.372,13618815122.868023,281151174.83412796
2024-09-01 10:05:59,5.353,13565267797.747257,280308724.56212765
2024-09-01 11:24:20,5.334,13525533813.314497,282230053.76448077
2024-09-01 12:15:53,5.356,13573130989.7347,283211892.6898088
2024-09-01 13:14:44,5.341,13553652290.146774,281720770.3617823
2024-09-01 14:16:12,5.239,13272068676.569517,297412992.72240865
2024-09-01 15:33:21,5.245,13311950885.695736,295153147.6150806
2024-09-01 16:12:12,5.28,13398619008.845072,284000268.02768636
2024-09-01 17:32:23,5.267,13355037061.323547,267958501.04410744
2024-09-01 18:12:09,5.301,13431699146.21274,261851409.65826812
2024-09-01 19:29:23,5.322,13505863417.648893,261524920.21460962
2024-09-01 20:28:32,5.333,13519532387.314348,263883723.3578868
2024-09-01 21:34:19,5.287,13418679973.389072,269138036.76643014
2024-09-01 22:31:49,5.22,13181322848.806858,265640118.7718785
2024-09-01 23:06:59,5.171,13100059010.105846,275788613.2504193
2024-09-02 00:29:37,5.194,13142544909.503796,287191295.0501127
2024-09-02 01:21:58,5.188,13145945035.460186,285553484.8107615
2024-09-02 02:25:41,5.212,13212042518.447702,278981223.1424895
2024-09-02 03:26:44,5.181,13133302332.032171,280732670.0981223
2024-09-02 04:12:45,5.188,13155791051.999178,279017138.05383766
2024-09-02 05:21:47,5.141,13030273449.24988,274303146.65549725
2024-09-02 06:23:53,5.173,13127914687.577383,274063375.0420051
2024-09-02 07:21:35,5.171,13122450503.52426,271152430.34422517
2024-09-02 08:09:21,5.156,13069849366.457624,271711028.11930597
2024-09-02 09:19:35,5.193,13192499923.644997,282897456.46882707
2024-09-02 10:23:24,5.234,13264853775.41343,288939843.310365
2024-09-02 11:21:01,5.218,13191901038.053585,292666219.1440363
2024-09-02 12:24:52,5.206,13194699674.362122,294731332.077551
2024-09-02 13:06:10,5.202,13167215913.234083,296201117.3845865
2024-09-02 14:25:39,5.116,12959597169.038385,283223104.41171736
2024-09-02 15:13:48,5.16,13078574067.856838,295642138.52206546
2024-09-02 16:06:13,5.156,13064858789.699871,307687372.4873344
2024-09-02 17:06:06,5.141,13021641276.42388,311728245.13861424
2024-09-02 18:24:51,5.16,13109657106.281614,308546033.5552603
2024-09-02 19:21:08,5.162,13087136692.79962,305300108.06725997
2024-09-02 20:01:14,5.168,13097257808.697542,313343894.77764773
2024-09-02 21:25:25,5.207,13187489441.843712,324846618.2976165
2024-09-02 22:18:47,5.197,13175603850.545048,324242789.76927793
2024-09-02 23:27:26,5.22,13239055930.392797,304816474.09203815
2024-09-03 00:01:57,5.218,13228145484.958809,301615860.0465762
2024-09-03 01:18:07,5.242,13312755875.356102,303326757.67733395
2024-09-03 02:13:43,5.256,13306632549.913517,306421871.63801473
2024-09-03 03:23:28,5.242,13287132869.55578,304982103.3043872
2024-09-03 04:16:17,5.245,13296055389.496902,277431992.9174167
2024-09-03 05:14:48,5.24,13267854113.557306,299690949.79096234
2024-09-03 06:09:36,5.237,13309423896.197258,294305090.9935327
2024-09-03 07:49:37,5.266,13348994947.403559,290191961.2488648
2024-09-03 08:15:31,5.247,13397328375.775698,290368087.10419065
2024-09-03 09:08:33,5.189,13136808004.654552,309663419.30840147
2024-09-03 10:26:00,5.189,13132619069.547009,298231981.55862486
2024-09-03 11:19:04,5.173,13097203747.635506,298720111.0426256
2024-09-03 12:16:50,5.182,13135362118.182133,303927413.84339887
2024-09-03 13:24:45,5.171,13107541821.844902,302114187.61708313
2024-09-03 14:09:15,5.007,12702155880.237694,352284980.51319283
2024-09-03 15:17:17,4.956,12536508023.792507,348376458.47896904
2024-09-03 16:27:51,4.917,12466057888.48939,378026411.90676826
2024-09-03 17:19:58,4.925,12486284559.538221,374335094.36971956
2024-09-03 18:20:54,4.923,12474085932.010296,374662891.968551
2024-09-03 19:27:23,4.985,12656361672.309053,389461759.2869623
2024-09-03 20:21:35,4.972,12604993599.052353,393206716.08373415
2024-09-03 21:24:24,4.971,12605878932.979937,374886527.5654911
2024-09-03 22:06:20,4.971,12593747824.479898,372964972.3959253
2024-09-03 23:18:53,4.936,12509618036.622377,381552715.19019204
2024-09-04 00:17:16,4.916,12458826676.416063,391182267.6321869
2024-09-04 01:12:45,4.748,11985637920.96411,95832921.56986094
2024-09-04 02:17:29,4.785,12130088740.778479,476880577.04600704
2024-09-04 03:06:56,4.793,12139622301.745432,477098429.5913543
2024-09-04 04:21:17,4.816,12210139705.953196,481602580.9114654
2024-09-04 05:20:37,4.808,12189071416.324734,481877626.1911567
2024-09-04 06:31:56,4.801,12167884667.103857,483072325.4339053
2024-09-04 07:20:09,4.759,12094998961.550938,509954632.3294304
2024-09-04 08:18:20,4.661,11844998227.544006,516109340.5755884
2024-09-04 09:26:04,4.665,11824976441.06111,540471235.0695997
2024-09-04 10:23:57,4.644,11807300260.684698,541942035.9642413
2024-09-04 11:00:50,4.6,11677385611.243038,567796741.9970556
2024-09-04 12:03:39,4.61,11694929768.60699,585928003.5493106
2024-09-04 13:07:45,4.65,11801060110.687649,585307159.8511541
2024-09-04 14:01:30,4.644,11781840569.149878,556167050.8972576
2024-09-04 15:04:35,4.696,11897390094.801144,542791421.1819947
2024-09-04 16:04:28,4.687,11880544539.10619,544156905.1695985
2024-09-04 17:00:55,4.681,11894005393.066874,548608830.9768778
2024-09-04 18:02:58,4.645,11776378834.866465,554254515.8015742
2024-09-04 19:22:32,4.607,11678971234.13101,552915841.3984419
2024-09-04 20:23:23,4.606,11705184023.399708,552282164.4306148
2024-09-04 21:24:09,4.618,11719834582.472282,541432921.3861831
2024-09-04 22:03:44,4.66,11805731429.735817,559628446.1900542
2024-09-04 23:05:14,4.649,11795245989.291153,563417569.584916
2024-09-05 00:20:33,4.623,11726945760.969357,551700901.4132491
2024-09-05 01:04:49,4.607,11693147458.633635,546045505.0059751
2024-09-05 02:08:42,4.639,11755999279.506367,463944545.37065357
2024-09-05 03:01:07,4.63,11735728957.415005,465953714.0195273
2024-09-05 04:16:39,4.576,11580040700.241299,470386611.99236214
2024-09-05 05:17:30,4.574,11600457531.283678,469489986.0503698
2024-09-05 06:10:31,4.579,11612317895.908781,442649590.609938
2024-09-05 07:06:45,4.571,11575499268.00193,458917950.71441305
2024-09-05 08:26:53,4.633,11739120360.896093,408886716.14400506
2024-09-05 09:26:58,4.623,11728221154.696484,408188735.8681659
2024-09-05 10:22:48,4.643,11780329159.510292,398400291.646649
2024-09-05 11:15:11,4.666,11828616328.46923,381351022.2143743
2024-09-05 12:11:50,4.684,11889410917.618858,383924284.5037579
2024-09-05 13:04:28,4.685,11866348639.71685,375665407.7806761
2024-09-05 14:38:23,4.672,11840660344.925388,375390857.00256914
2024-09-05 15:20:45,4.653,11816317354.502085,376896747.8286062
2024-09-05 16:06:51,4.65,11808919041.771755,378424894.9805977
2024-09-05 17:22:57,4.646,11740979589.876822,371066115.00043446
2024-09-05 18:21:40,4.692,11891795940.948208,370993350.35345346
2024-09-05 19:17:19,4.767,12049550665.265163,379259499.0887735
2024-09-05 20:24:31,4.737,12006561765.556423,390215858.71578515
2024-09-05 21:24:14,4.864,12336267927.416502,457754562.9270281
2024-09-05 22:13:14,4.743,12062876988.105473,473316040.5595504
2024-09-05 23:17:40,4.825,12243051945.874258,502860631.9443985
2024-09-06 00:17:58,4.827,12239117256.337185,508083704.3516344
2024-09-06 01:08:49,4.802,12183238724.077936,514679224.20481837
2024-09-06 02:04:38,4.837,12259942203.271343,523158687.50384986
2024-09-06 03:17:50,4.863,12324214727.588104,515013966.1236011
2024-09-06 04:18:56,4.849,12305795670.369427,490301073.87623
2024-09-06 05:20:54,4.848,12273322458.947933,478140311.35903805
2024-09-06 06:11:02,4.886,12403485972.457102,497209819.78281593
2024-09-06 07:08:25,4.895,12411261647.64352,498283935.9374703
2024-09-06 08:13:50,4.783,12112302014.96053,520818517.1560481
2024-09-06 09:02:41,4.792,12144952379.804653,511302785.2273193
2024-09-06 10:03:31,4.778,12115144215.045122,517306658.868326
2024-09-06 11:19:44,4.799,12152829019.38875,526362275.07070017
2024-09-06 12:20:37,4.783,12164576117.300676,517699439.92679894
2024-09-06 13:17:16,4.852,12254730326.238508,541114842.021852
2024-09-06 14:26:39,4.719,11989992107.345566,566568628.5302447
2024-09-06 15:06:05,4.744,12018027637.913197,577214089.3601999
2024-09-06 16:27:33,4.771,12035063149.010101,594812026.286885
2024-09-06 17:22:53,4.742,12018966457.374502,597253928.0185287
2024-09-06 18:14:46,4.727,11974141430.80129,598004563.4155265
2024-09-06 19:07:19,4.679,11842285271.275003,596179145.583888
2024-09-06 20:06:59,4.663,11806821911.106102,589108503.5320096
2024-09-06 21:25:34,4.553,11490900958.709787,596210463.6919436
2024-09-06 22:22:08,4.609,11670248874.452965,583765745.0448726
2024-09-06 23:16:44,4.609,11654150832.563202,568704366.2406355
2024-09-07 00:01:24,4.649,11761747943.33592,568093059.9211175
2024-09-07 01:01:40,4.652,11789406267.510412,560072402.2790457
2024-09-07 02:08:23,4.609,11682855172.259274,545101104.4629003
2024-09-07 03:16:55,4.626,11715619095.471247,542577419.1715454
2024-09-07 04:15:46,4.631,11707162224.802397,516048872.86909604
2024-09-07 05:09:26,4.628,11725931863.010794,517845322.3031597
2024-09-07 06:09:21,4.642,11752565514.90371,542407154.2003833
2024-09-07 07:01:50,4.663,11809890362.503946,518385231.186479
2024-09-07 08:21:06,4.634,11735400527.342958,488016497.53662777
2024-09-07 09:07:04,4.635,11748527291.579477,503896760.9401756
2024-09-07 10:14:51,4.625,11715381736.710073,482636864.69819134
2024-09-07 11:06:55,4.613,11688460276.703867,492467127.7194398
2024-09-07 12:09:36,4.621,11696077029.301311,476475995.9609699
2024-09-07 13:06:43,4.627,11743055178.991302,461870901.597933
2024-09-07 14:10:56,4.616,11683069770.34649,425131341.06958604
2024-09-07 15:16:50,4.642,11740942864.60924,386098010.12018824
2024-09-07 16:18:21,4.657,11800674650.966923,349308529.5966869
2024-09-07 17:24:49,4.63,11730007902.250937,350854251.3580516
2024-09-07 18:01:58,4.613,11686881369.009562,344329843.1424663
2024-09-07 19:14:29,4.642,11734739382.45092,329222802.7658176
2024-09-07 20:16:49,4.638,11758362908.179592,304927747.4489103
2024-09-07 21:12:16,4.628,11743329549.341932,249656088.5014734
2024-09-07 22:17:56,4.643,11767911894.697626,228073385.21843794
2024-09-07 23:12:43,4.62,11684746923.650198,224590755.68427223
2024-09-08 00:14:34,4.652,11817961229.340254,222800180.29616442
2024-09-08 01:13:33,4.692,11886244268.664295,219207705.4660022
2024-09-08 02:13:30,4.695,11907276086.505468,217393736.32141253
2024-09-08 03:12:50,4.72,11965328029.03579,214821120.83811226
2024-09-08 04:15:42,4.702,11901965770.479525,212872695.67615566
2024-09-08 05:12:34,4.705,11923583067.930187,208415545.73428988
2024-09-08 06:12:35,4.706,11887582355.650797,199140655.17380396
2024-09-08 07:04:20,4.711,11931383118.976305,199979234.81858984
2024-09-08 08:03:12,4.727,11981265191.528633,196728370.4574204
2024-09-08 09:22:43,4.727,12004523548.173119,190040371.21095532
2024-09-08 10:20:52,4.738,11988812623.26235,188892929.0829307
2024-09-08 11:03:41,4.76,12057588752.043251,190030930.74339265
2024-09-08 12:11:39,4.727,11977810361.393114,186944139.02219364
2024-09-08 13:11:58,4.679,11868282271.11789,187462385.3176926
2024-09-08 14:07:31,4.707,11934201068.945606,186504576.51204953
2024-09-08 15:07:11,4.733,11991304093.498438,191221804.68252316
2024-09-08 16:12:26,4.74,12019846938.0419,197868004.24570405
2024-09-08 17:08:54,4.741,11999059031.890667,201895175.71120635
2024-09-08 18:13:23,4.768,12101386277.969503,207779686.73330137
2024-09-08 19:14:06,4.8,12157787277.63858,214256890.74982104
2024-09-08 20:11:01,4.825,12219467144.378477,220563873.7847881
2024-09-08 21:10:15,4.88,12348114021.436872,230234771.60319087
2024-09-08 22:13:57,4.886,12395373478.03742,247697916.75646484
2024-09-08 23:06:05,4.887,12382135093.89355,261549148.44202498
2024-09-09 00:00:57,4.895,12397872945.837162,267494333.67260897
2024-09-09 01:11:18,4.92,12472289964.188751,280996020.2655532
2024-09-09 02:15:51,4.933,12488005000.030226,285597766.8790519
2024-09-09 03:14:17,4.934,12477636738.441372,288769004.41218966
2024-09-09 04:04:48,4.951,12527338793.015995,290258019.30822295
2024-09-09 05:12:34,4.877,12344896955.094316,291779752.7936211
2024-09-09 06:05:22,4.888,12382768496.153381,295520105.29532355
2024-09-09 07:26:59,4.914,12439364776.75991,294723177.9544225
2024-09-09 08:25:39,4.986,12628922517.327105,309608702.2306042
2024-09-09 09:06:27,5.069,12820137487.86561,327401515.2256585
2024-09-09 10:07:44,5.054,12816886861.10812,352008935.3252129
2024-09-09 11:19:36,5.084,12859657072.94381,374060799.6151326
2024-09-09 12:05:47,5.15,13056126365.608532,393046965.9285485
2024-09-09 13:15:06,5.109,12923140338.756115,408684963.4617906
2024-09-09 14:05:40,5.106,12925464515.90966,422514675.7815603
2024-09-09 15:11:20,5.112,12944244561.642883,435631650.63320774
2024-09-09 16:11:48,5.109,12939473349.985035,431063479.701453
2024-09-09 17:27:19,5.156,13055449140.71354,461226549.693414
2024-09-09 18:23:58,5.157,13063998797.377338,465511750.92790806
2024-09-09 19:27:10,5.161,13070568269.392805,464832899.6207899
2024-09-09 20:22:40,5.152,13048354116.115406,472210885.8208661
2024-09-09 21:09:44,5.183,13111008696.793392,472826812.13912445
2024-09-09 22:24:20,5.207,13169534478.209272,472631873.8031048
2024-09-09 23:05:25,5.241,13270588756.143383,434348753.31669605
2024-09-10 00:22:53,5.198,13133683971.011625,454651508.51247066
2024-09-10 01:24:25,5.196,13152794372.15387,450237811.90173805
2024-09-10 02:21:34,5.187,13126022645.948149,446603080.63790846
2024-09-10 03:08:45,5.236,13269784319.172295,452872957.9115448
2024-09-10 04:07:17,5.24,13244410530.237658,456021799.7327658
2024-09-10 05:23:19,5.266,13318338042.765402,457461403.55571854
2024-09-10 06:20:12,5.212,13213145359.0264,455306706.4216261
2024-09-10 07:22:55,5.204,13183535980.741156,462184488.9817071
2024-09-10 08:11:14,5.248,13284656686.908436,459485972.4910654
2024-09-10 09:19:48,5.248,13294863798.113068,434407188.47609276
2024-09-10 10:19:02,5.238,13272036637.41871,417290380.5667018
2024-09-10 11:20:42,5.322,13472927981.006435,409673033.7244003
2024-09-10 12:12:12,5.305,13430623367.326874,395753756.8432524
2024-09-10 13:06:14,5.288,13433237723.546883,388707287.4078506
2024-09-10 14:21:05,5.3,13382850155.108673,383857884.9694225
2024-09-10 15:01:11,5.344,13527648001.262775,387389063.30883473
2024-09-10 16:19:52,5.342,13540810796.365671,374994517.29362315
2024-09-10 17:06:44,5.381,13622968638.292318,356339190.2695112
2024-09-10 18:10:51,5.424,13690231384.249006,362731393.2589366
2024-09-10 19:44:12,5.461,13834422342.263971,377267257.8713667
2024-09-10 20:12:38,5.456,13809262987.727709,372984973.02880234
2024-09-10 21:30:37,5.455,13827094457.746595,360802846.37721705
2024-09-10 22:24:10,5.485,13904845908.133402,358012690.9463356
2024-09-10 23:29:24,5.51,13917267775.05964,360018094.0081471
2024-09-11 00:37:16,5.515,13908827491.779242,376895521.0300044
2024-09-11 01:23:26,5.461,13830493492.179607,387660239.518694
2024-09-11 02:23:01,5.408,13697830862.420553,389531283.7460047
2024-09-11 03:09:34,5.343,13569568447.011618,403123496.15168744
2024-09-11 04:06:41,5.335,13486865264.536818,410295574.23234165
2024-09-11 05:13:29,5.235,13272623690.913351,426190718.7524169
2024-09-11 06:08:52,5.272,13359820590.742027,439366236.7509704
2024-09-11 07:08:20,5.294,13408469066.993,438460970.02899295
2024-09-11 08:05:01,5.295,13422549509.142488,434801460.25580865
2024-09-11 09:21:29,5.249,13289662426.41992,424325960.2876056
2024-09-11 10:21:04,5.25,13308014839.738611,423569315.92058337
2024-09-11 11:09:19,5.253,13253727728.403444,438032146.7205447
2024-09-11 12:16:33,5.247,13279610959.06633,420741901.2821833
2024-09-11 13:20:45,5.261,13320327991.237974,434016974.6555507
2024-09-11 14:17:08,5.208,13196123022.618757,443394349.35571754
2024-09-11 15:17:22,5.226,13211452912.698137,442651111.17297065
2024-09-11 16:15:34,5.265,13364595600.777819,446173440.03486747
2024-09-11 17:14:08,5.34,13504999417.716515,450855809.56077176
2024-09-11 18:21:14,5.318,13483021416.451317,433544983.77381045
2024-09-11 19:19:45,5.282,13380449039.030165,400494753.23857504
2024-09-11 20:19:37,5.309,13463163005.031246,414092860.8455817
2024-09-11 21:25:47,5.302,13427266357.484495,409644176.1620894
2024-09-11 22:05:32,5.292,13412786678.865625,407881073.9669113
2024-09-11 23:05:15,5.363,13556786168.937656,376941143.39845467
2024-09-12 00:25:18,5.402,13682335383.208975,398185154.8440217
2024-09-12 01:04:11,5.406,13692762334.823088,391396605.0625913
2024-09-12 02:01:06,5.4,13637137106.76396,355466272.4168946
2024-09-12 03:09:36,5.402,13681988018.406181,374274817.9055619
2024-09-12 04:07:06,5.431,13767781196.53179,336969531.53065753
2024-09-12 05:25:44,5.411,13710691685.965395,304633151.7738176
2024-09-12 06:04:59,5.374,13597524883.74328,314032191.6367933
2024-09-12 07:17:42,5.397,13665152739.886763,328313994.18767685
2024-09-12 08:18:27,5.388,13648234903.012379,327295896.86934376
2024-09-12 09:21:08,5.391,13663862398.387283,326868696.0223518
2024-09-12 10:33:50,5.419,13713649884.110365,332668583.0963838
2024-09-12 11:03:38,5.406,13695713354.942287,330552212.5443239
2024-09-12 12:06:04,5.41,13708593962.223543,326488385.7828732
2024-09-12 13:09:57,5.371,13602563037.748093,316998229.38517547
2024-09-12 14:18:48,5.413,13685045351.545782,294236760.2175026
2024-09-12 15:18:58,5.454,13751788917.567501,298013209.97974074
2024-09-12 16:21:25,5.508,13959359663.404545,336251754.0436627
2024-09-12 17:06:13,5.512,13962372302.21775,336196342.8603343
2024-09-12 18:04:42,5.644,14298699737.247185,407676758.14090586
2024-09-12 19:08:18,5.609,14214720151.093683,422016338.4586158
2024-09-12 20:25:40,5.584,14142733969.375875,396855714.4590188
2024-09-12 21:24:44,5.547,14051024451.452497,432045702.6003547
2024-09-12 22:13:52,5.565,14089745709.731045,434119194.079789
2024-09-12 23:18:14,5.565,14106282639.172075,431250754.42864335
2024-09-13 00:05:17,5.589,14155292009.886906,401186925.13400096
2024-09-13 01:05:26,5.617,14226539980.943884,433076086.4005593
2024-09-13 02:17:11,5.57,14127149487.251324,425405151.4569628
2024-09-13 03:20:06,5.557,14081635824.440853,427056755.0547174
2024-09-13 04:24:19,5.545,14039524887.141306,435702489.4480938
2024-09-13 05:06:03,5.525,13989234051.866272,436904385.175842
2024-09-13 06:14:37,5.518,14007432142.55533,417141761.88952357
2024-09-13 07:01:20,5.491,13896098966.415413,417714421.2313884
2024-09-13 08:17:29,5.538,14026114688.921635,327565432.1387935
2024-09-13 09:00:30,5.529,14017218101.46931,419650900.3029025
2024-09-13 10:07:48,5.535,14020507804.486948,413528218.1474883
2024-09-13 11:15:56,5.54,14018533330.834364,417915396.2136491
2024-09-13 12:08:58,5.557,14051700053.552353,420882015.2236904
2024-09-13 13:01:30,5.597,14165093258.964565,426822838.5615011
2024-09-13 14:08:51,5.652,14252556078.116632,1091321670.1528242
2024-09-13 15:04:57,5.695,14428185025.738266,459080986.26284695
2024-09-13 16:02:10,5.837,14818266995.489534,485597659.6792611
2024-09-13 17:25:45,5.804,14744753550.775694,487699462.41225326
2024-09-13 18:07:26,5.789,14656283410.140898,447313139.17620414
2024-09-13 19:29:20,5.81,14701854529.840078,454019607.4553958
2024-09-13 20:12:35,5.829,14765010098.434523,454761070.877887
2024-09-13 21:02:42,5.808,14731083090.435587,453024669.5414347
2024-09-13 22:04:25,5.83,14757895327.599567,459968867.81808037
2024-09-13 23:20:43,5.796,14685050524.03278,464049444.27295
2024-09-14 00:00:30,5.792,14636539820.75494,468641224.94374055
2024-09-14 01:04:31,5.816,14718564513.26143,474329522.1981607
2024-09-14 02:11:39,5.785,14530569958.305197,472805074.7937491
2024-09-14 03:19:17,5.765,14519818834.470787,469198052.60098535
2024-09-14 04:06:41,5.752,14460358325.544699,460064603.5496964
2024-09-14 05:15:22,5.771,14504042419.725037,457809211.07562035
2024-09-14 06:13:22,5.762,14439803769.817865,459841941.104907
2024-09-14 07:06:48,5.785,14539067461.459,458043507.9330645
2024-09-14 08:26:54,5.816,14599257080.288774,459773049.786123
2024-09-14 09:25:48,5.803,14585689532.817303,461796588.58481705
2024-09-14 10:23:56,5.752,14456257089.346798,465933922.79989374
2024-09-14 11:06:59,5.716,14382664257.09256,461654541.60625166
2024-09-14 12:17:31,5.686,14384929039.675608,477630006.23907393
2024-09-14 13:04:49,5.701,14438051116.912943,484204738.39690423
2024-09-14 14:05:54,5.681,14395187208.627178,451007029.4262129
2024-09-14 15:20:41,5.69,14440161095.896189,421724268.4772029
2024-09-14 16:01:31,5.673,14377261234.632336,380717048.7917739
2024-09-14 17:14:10,5.692,14420689627.188238,339819306.47486126
2024-09-14 18:12:01,5.667,14456996770.182049,328710122.02052164
2024-09-14 19:17:03,5.684,14406573642.656551,320264169.7525086
2024-09-14 20:11:28,5.675,14365002833.043455,312992343.67989004
2024-09-14 21:19:09,5.684,14393932337.803852,299173552.65738624
2024-09-14 22:03:57,5.675,14367847300.138895,279283464.79616094
2024-09-14 23:22:43,5.682,14392144437.682926,288169656.4295291
2024-09-15 00:05:48,5.682,14392510280.898537,275881169.7001852
2024-09-15 01:13:21,5.682,14372086440.883585,263680744.49094623
2024-09-15 02:18:32,5.671,14364246336.448654,261430610.40656567
2024-09-15 03:15:17,5.685,14407287094.022238,261283984.14709935
2024-09-15 04:12:29,5.69,14423592181.82721,260957872.08345032
2024-09-15 05:17:20,5.67,14361451751.13111,255959660.8331578
2024-09-15 06:19:53,5.714,14462858655.746044,260837557.41919574
2024-09-15 07:23:28,5.717,14483338380.929491,260552522.53514668
2024-09-15 08:22:25,5.745,14557964580.94439,260142893.74390772
2024-09-15 09:19:40,5.663,14374568375.906857,262557281.06013432
2024-09-15 10:15:52,5.659,14346816658.027887,275712326.30885476
2024-09-15 11:26:44,5.605,14192294650.723276,277820971.84454495
2024-09-15 12:16:06,5.621,14270005112.891796,261030453.08733302
2024-09-15 13:22:32,5.636,14274791166.822632,251955765.5021714
2024-09-15 14:16:14,5.589,14174121898.166855,251493418.13603804
2024-09-15 15:24:26,5.598,14178796627.8215,247424498.5541837
2024-09-15 16:24:37,5.636,14278540557.916073,262626810.40576214
2024-09-15 17:17:37,5.62,14221022845.114334,278412221.9783639
2024-09-15 18:18:21,5.63,14253953998.479721,271131317.17424256
2024-09-15 19:26:39,5.664,14365295282.732231,279976313.0114609
2024-09-15 20:03:14,5.656,14321312114.982208,280703371.99803686
2024-09-15 21:10:24,5.584,14168673670.918552,283273213.346614
2024-09-15 22:24:45,5.59,14154671719.89159,291850659.30701333
2024-09-15 23:20:24,5.534,14024387184.28414,294559061.19446605
2024-09-16 00:10:32,5.551,14063657278.962555,296675418.37476677
2024-09-16 01:21:15,5.516,13960316385.100489,309657924.56922066
2024-09-16 02:26:27,5.458,13790719775.550665,311230217.87510526
2024-09-16 03:19:54,5.458,13812162496.845434,316543094.52953964
2024-09-16 04:24:30,5.499,13935149466.160263,322447608.96693337
2024-09-16 05:20:44,5.542,14033902262.270351,329178448.19315547
2024-09-16 06:25:26,5.556,14073211265.422718,331256879.9433607
2024-09-16 07:03:57,5.536,14012507307.949945,326821287.0618938
2024-09-16 08:08:13,5.588,14161797633.041784,336515562.7505919
2024-09-16 09:12:04,5.561,14087585716.122723,319893009.958632
2024-09-16 10:19:23,5.503,13917976540.660936,320476581.6254777
2024-09-16 11:19:03,5.514,13958205134.365826,298863099.0991696
2024-09-16 12:18:03,5.504,13941251104.767422,307084902.74551284
2024-09-16 13:29:25,5.485,13879700783.624659,315493324.86057174
2024-09-16 14:20:38,5.47,13843090965.10863,312340313.70310026
2024-09-16 15:30:22,5.473,13852066959.872194,344174691.6052538
2024-09-16 16:13:50,5.445,13782193083.412909,337076587.1019491
2024-09-16 17:30:14,5.39,13637357314.175594,346052281.5766514
2024-09-16 18:09:35,5.424,13741602748.959448,351405750.39131534
2024-09-16 19:10:48,5.413,13724371748.766031,351364160.3133044
2024-09-16 20:13:51,5.439,13745968417.766365,351681094.7144991
2024-09-16 21:30:17,5.441,13776040467.658737,341493843.122567
2024-09-16 22:22:34,5.449,13801586071.175592,339190421.26707745
2024-09-16 23:21:28,5.461,13831135314.155567,331599058.0192234
2024-09-17 00:23:55,5.476,13894774873.78694,328275997.48943377
2024-09-17 01:18:00,5.441,13802546208.820189,325452926.94261706
2024-09-17 02:23:30,5.47,13856963777.996967,315610206.9030229
2024-09-17 03:17:31,5.475,13860973984.351532,315769423.7113692
2024-09-17 04:26:04,5.46,13831995048.605999,306203785.99331677
2024-09-17 05:08:27,5.482,13884587039.00495,310148803.33139163
2024-09-17 06:08:23,5.497,13948519641.963022,302760123.77895206
2024-09-17 07:11:48,5.495,13918581335.836233,301804922.5251602
2024-09-17 08:18:57,5.546,14050600270.101786,300253365.0465997
2024-09-17 09:23:51,5.475,13875178844.293465,314708001.1910457
2024-09-17 10:21:25,5.47,13854799556.310915,312720060.9632212
2024-09-17 11:16:54,5.425,13724337061.857582,326216851.10527444
2024-09-17 12:08:41,5.46,13801877870.006931,331235532.1352703
2024-09-17 13:23:15,5.498,13894134035.455263,335453132.5956188
2024-09-17 14:22:34,5.56,14088754337.936775,337610806.7811759
2024-09-17 15:16:12,5.56,14067495025.544104,340319914.62028384
2024-09-17 16:18:22,5.56,14080856909.253965,353267740.10591143
2024-09-17 17:08:31,5.5,13949411219.25564,343400593.23156136
2024-09-17 18:08:04,5.525,13993177046.329632,332810760.63075554
2024-09-17 19:10:23,5.49,13910494794.108616,338250155.57982403
2024-09-17 20:15:53,5.516,13950120833.72064,346736306.42176485
2024-09-17 21:09:08,5.521,13966331208.078295,349397264.0710982
2024-09-17 22:27:46,5.509,13953489865.834414,349773169.68693584
2024-09-17 23:27:20,5.499,13938639618.331861,349021538.54050875
2024-09-18 00:06:03,5.525,13987474962.290703,348724313.00366926
2024-09-18 01:20:50,5.489,13949534327.638983,346051546.1889571
2024-09-18 02:27:20,5.508,13940197879.114988,344975493.5454613
2024-09-18 03:00:48,5.535,14018700708.818449,345669245.72519827
2024-09-18 04:11:17,5.512,13964399582.112347,343532014.02841365
2024-09-18 05:13:49,5.478,13879576177.4953,346346962.07302356
2024-09-18 06:14:12,5.513,13942865953.336803,340474696.0115488
2024-09-18 07:27:24,5.524,13990843074.570366,341573033.69122535
2024-09-18 08:12:33,5.522,13982409622.131088,334023598.8771176
2024-09-18 09:24:17,5.515,13945565176.852238,319917671.878646
2024-09-18 10:14:22,5.484,13891239101.146221,318523668.01146984
2024-09-18 11:28:32,5.553,14069960802.89965,308183301.21002716
2024-09-18 12:00:24,5.538,14025685064.697872,310727507.749962
2024-09-18 13:13:15,5.524,14030303403.028076,308313604.6108689
2024-09-18 14:17:08,5.515,13968303033.12846,299271117.51557636
2024-09-18 15:01:21,5.523,13996110064.525682,290926923.6730611
2024-09-18 16:05:59,5.439,13808382417.613482,270977220.6226215
2024-09-18 17:14:00,5.502,13964750520.823713,270658155.24499965
2024-09-18 18:13:34,5.479,13887533192.107944,292814724.6844452
2024-09-18 19:22:29,5.526,14016453035.01331,318682156.76376826
2024-09-18 20:32:41,5.56,14082400022.788124,329309891.9991947
2024-09-18 21:27:00,5.636,14214280430.492386,338532451.6271809
2024-09-18 22:30:12,5.625,14253033373.02067,341308340.18811566
2024-09-18 23:18:06,5.619,14262750103.814852,340270864.0431289
2024-09-19 00:24:25,5.66,14317686332.749887,354882148.92642426
2024-09-19 01:18:07,5.635,14265567705.233162,378420008.5251674
2024-09-19 02:09:29,5.633,14269591865.06447,387442793.43167496
2024-09-19 03:04:38,5.674,14366067223.959301,392313254.13199157
2024-09-19 04:19:52,5.708,14454168101.59287,407033548.1258899
2024-09-19 05:06:57,5.729,14504076089.832682,404893384.7626161
2024-09-19 06:18:57,5.737,14520472146.404991,423505864.23316294
2024-09-19 07:16:50,5.779,14633004094.772478,441583177.16478646
2024-09-19 08:18:36,5.747,14585226925.220335,446064050.5819159
2024-09-19 09:20:44,5.725,14482529445.362564,452443851.3986254
2024-09-19 10:08:44,5.731,14510337339.45417,451333702.149604
2024-09-19 11:11:03,5.74,14530969947.614105,446940260.8474609
2024-09-19 12:06:07,5.798,14672442430.117445,450815153.58802754
2024-09-19 13:10:32,5.771,14613937572.370253,453452400.08746916
2024-09-19 14:17:45,5.731,14525825472.756475,456512948.61408806
2024-09-19 15:28:36,5.745,14548776043.014061,448105174.97945434
2024-09-19 16:05:34,5.744,14552305189.8016,441468915.464651
2024-09-19 17:30:56,5.759,14588835834.160547,452001978.6511502
2024-09-19 18:28:17,5.762,14586009916.146645,419572629.7334273
2024-09-19 19:21:52,5.731,14514889578.919231,398363898.98158914
2024-09-19 20:27:40,5.728,14495095396.725658,386842550.3518654
2024-09-19 21:17:51,5.716,14455184328.64529,380125781.2844693
2024-09-19 22:16:58,5.696,14428634143.026934,385757089.54001623
2024-09-19 23:27:55,5.686,14399099177.372772,378246261.29003614
2024-09-20 00:26:13,5.664,14345705030.76827,362630498.05099875
2024-09-20 01:08:33,5.621,14241289056.067373,346842518.58120024
2024-09-20 02:09:05,5.648,14289933180.972994,340175810.43091995
2024-09-20 03:12:01,5.69,14403274330.340504,345727702.2458223
2024-09-20 04:10:27,5.776,14633894001.657227,355509368.5066127
2024-09-20 05:14:26,5.79,14674678113.842842,358299653.50383264
2024-09-20 06:07:28,5.758,14594677694.456123,349946185.6800588
2024-09-20 07:06:05,5.79,14667790227.15748,341261076.65588385
2024-09-20 08:06:35,5.758,14586121660.55001,341487777.93940866
2024-09-20 09:06:20,5.737,14502207040.411503,342400298.7629108
2024-09-20 10:11:37,5.752,14568049800.214323,347248129.45288557
2024-09-20 11:03:35,5.766,14585188896.371359,349031036.2671423
2024-09-20 12:23:11,5.691,14409339606.391806,344173054.31396735
2024-09-20 13:19:21,5.633,14295999936.356075,351359187.7517871
2024-09-20 14:31:53,5.649,14321238135.693256,354846870.86270374
2024-09-20 15:34:45,5.606,14209306892.240698,346485072.8378646
2024-09-20 16:32:37,5.584,14147262109.693403,362279246.1698534
2024-09-20 17:14:45,5.568,14100091774.233427,360366723.35647595
2024-09-20 18:11:27,5.59,14184228127.4606,368513090.46819836
2024-09-20 19:17:34,5.6,14184802607.439095,368541021.5514742
2024-09-20 20:13:05,5.593,14178269948.99223,364806110.35976774
2024-09-20 21:05:00,5.595,14179751436.51748,365258426.5045357
2024-09-20 22:23:12,5.592,14179555331.832083,375069803.33875316
2024-09-20 23:01:25,5.574,14117903084.033865,375089168.1904409
2024-09-21 00:13:09,5.567,14144974176.505428,376329555.37880987
2024-09-21 01:27:24,5.545,14017181011.610271,371850341.1977007
2024-09-21 02:05:59,5.497,13900262340.06653,375144464.02765524
2024-09-21 03:26:50,5.508,13963573951.099312,371886777.7382168
2024-09-21 04:25:59,5.484,13899248061.682049,343639453.48750573
2024-09-21 05:09:21,5.467,13852105113.376595,341344234.85578877
2024-09-21 06:29:18,5.51,13942844143.64553,339279310.5442932
2024-09-21 07:04:39,5.509,13938959585.27299,340482591.7020202
2024-09-21 08:24:14,5.533,14015811797.572735,323993273.96557975
2024-09-21 09:11:35,5.546,14047018125.858437,315850909.53793216
2024-09-21 10:23:10,5.564,14107928101.872816,316341758.70112157
2024-09-21 11:28:46,5.573,14113241778.488064,308989859.8599649
2024-09-21 12:24:16,5.582,14131770297.55689,291387710.0649641
2024-09-21 13:01:47,5.594,14150993170.27352,284979693.280842
2024-09-21 14:24:53,5.59,14158202323.008856,271908238.22002685
2024-09-21 15:13:13,5.588,14152008418.273746,252366101.17608598
2024-09-21 16:09:56,5.627,14228178579.316181,249755203.4414257
2024-09-21 17:24:42,5.679,14382824807.130407,234536240.19276437
2024-09-21 18:23:27,5.66,14335755287.458742,244104948.27775836
2024-09-21 19:29:03,5.631,14286419462.361649,235392976.00813407
2024-09-21 20:08:19,5.628,14244911066.013138,240531641.63145432
2024-09-21 21:08:45,5.641,14294538511.560417,240763423.14331627
2024-09-21 22:19:32,5.65,14305523081.406685,230853105.3353376
2024-09-21 23:07:59,5.662,14339230297.992638,226560942.00459823
2024-09-22 00:08:56,5.683,14395645588.472631,226836512.2044272
2024-09-22 01:22:34,5.663,14330115245.018229,223428739.98560432
2024-09-22 02:13:49,5.66,14336560964.342607,214657433.88494715
2024-09-22 03:02:46,5.66,14331837333.188995,208857194.09440422
2024-09-22 04:11:59,5.681,14389565752.649101,220727816.18708315
2024-09-22 05:28:45,5.659,14322011510.552032,209461869.72820857
2024-09-22 06:22:16,5.67,14354073873.603083,214476854.46799973
2024-09-22 07:23:58,5.651,14308293545.147995,217931766.3486206
2024-09-22 08:17:24,5.645,14323685307.44015,217853510.93134215
2024-09-22 09:09:45,5.662,14340919814.204445,212490762.7747361
2024-09-22 10:23:51,5.601,14187095755.384491,216669996.7845295
2024-09-22 11:08:38,5.56,14086781746.110846,223189280.76304793
2024-09-22 12:18:31,5.569,14103727390.059423,238351191.02835587
2024-09-22 13:07:06,5.569,14086902159.04166,238361783.52031374
2024-09-22 14:02:04,5.547,14058042479.461798,238829132.0251709
2024-09-22 15:13:37,5.525,13994687878.437016,242865485.63367337
2024-09-22 16:10:33,5.575,14124745812.835817,249295333.3136719
2024-09-22 17:09:56,5.585,14149558660.104101,246613416.93599033
2024-09-22 18:06:34,5.602,14183521992.532293,240543257.47541758
2024-09-22 19:17:45,5.575,14123495385.09786,228210628.6423575
2024-09-22 20:13:19,5.597,14151994868.141308,228129588.93066448
2024-09-22 21:25:14,5.605,14178507313.936436,229689494.99507257
2024-09-22 22:18:08,5.553,13999691149.990171,244215611.92571512
2024-09-22 23:07:23,5.613,14235722052.021639,252840819.25992078
2024-09-23 00:09:01,5.629,14251875889.021221,253397563.6687127
2024-09-23 01:09:28,5.637,14275340132.391434,258895038.4573383
2024-09-23 02:25:54,5.641,14286488135.303095,264763334.199195
2024-09-23 03:01:38,5.668,14350979629.792503,264157925.7974864
2024-09-23 04:06:37,5.675,14376457223.599146,269832239.1432757
2024-09-23 05:20:22,5.626,14257010784.552189,274861219.95178074
2024-09-23 06:19:44,5.644,14291232538.483852,277961405.7464998
2024-09-23 07:25:27,5.649,14315643769.354214,289528898.2690482
2024-09-23 08:10:53,5.647,14297591648.92391,287647773.0519174
2024-09-23 09:24:18,5.612,14216027482.335331,302819479.10803837
2024-09-23 10:07:33,5.624,14249245132.243027,306378231.5645034
2024-09-23 11:12:37,5.597,14180378345.690096,295113110.28904504
2024-09-23 12:17:30,5.62,14223263818.7568,281766210.000973
2024-09-23 13:06:35,5.653,14305981102.704403,287535629.81576467
2024-09-23 14:06:17,5.677,14381818712.631147,292982550.0858442
2024-09-23 15:09:52,5.664,14343272367.022911,303277596.77012855
2024-09-23 16:03:02,5.694,14429692663.285461,305823632.1840234
2024-09-23 17:25:45,5.672,14356443452.534023,304697235.17137545
2024-09-23 18:12:02,5.64,14276910052.286667,317164041.2519506
2024-09-23 19:14:09,5.619,14233796859.245047,330265874.6864016
2024-09-23 20:08:49,5.605,14202754306.312395,330451457.85052323
2024-09-23 21:16:59,5.618,14218773628.741632,329404982.0136662
2024-09-23 22:13:24,5.614,14223721099.510439,320561386.9323891
2024-09-23 23:04:16,5.63,14259138426.30394,315567860.5293953
2024-09-24 00:21:54,5.639,14270830466.363474,308097594.08445674
2024-09-24 01:02:48,5.593,14172422618.760426,309726656.425346
2024-09-24 02:27:55,5.595,14165720285.718378,307056102.444067
2024-09-24 03:12:44,5.608,14203779320.466833,303531049.7466337
2024-09-24 04:14:06,5.607,14216334469.847,295144649.80585396
2024-09-24 05:21:52,5.599,14179939516.979523,288468175.80690056
2024-09-24 06:19:31,5.62,14217843764.389275,278375393.12289697
2024-09-24 07:05:33,5.607,14200481606.200912,273655751.4609515
2024-09-24 08:06:41,5.597,14176272878.293428,265950328.15110815
2024-09-24 09:18:02,5.589,14159551420.32096,257402793.17574495
2024-09-24 10:05:52,5.578,14127792946.643847,259637891.92827958
2024-09-24 11:16:57,5.568,14097395390.574926,259185670.2928863
2024-09-24 12:01:53,5.584,14143822947.895206,257886427.22525468
2024-09-24 13:19:43,5.587,14155938922.464594,247299231.02529675
2024-09-24 14:04:55,5.564,14125346526.845856,249032941.54288173
2024-09-24 15:12:30,5.52,13916896533.648458,259861158.6761835
2024-09-24 16:25:47,5.501,13937385156.277985,257680564.05268246
2024-09-24 17:29:29,5.529,14006495826.470604,257435955.19529423
2024-09-24 18:09:42,5.565,14075196987.74621,242990756.68406537
2024-09-24 19:12:09,5.594,14171395784.95512,258368882.40987393
2024-09-24 20:23:02,5.596,14180516167.223017,261001026.49224713
2024-09-24 21:25:38,5.618,14255724436.296083,267471117.29288438
2024-09-24 22:19:45,5.648,14314406504.602499,271062217.1744004
2024-09-24 23:24:41,5.603,14206838700.30849,277460350.6129506
2024-09-25 00:06:54,5.607,14231444900.797548,280634162.2053848
2024-09-25 01:22:58,5.639,14301008542.871231,295524865.6776669
2024-09-25 02:26:25,5.681,14408778133.732578,309822510.36576694
2024-09-25 03:05:29,5.711,14495216767.942755,332540183.8462103
2024-09-25 04:26:13,5.781,14687411472.294264,372157485.3168573
2024-09-25 05:27:34,5.745,14565030860.219902,391385270.446137
2024-09-25 06:24:24,5.658,14390924632.661053,398027784.52730477
2024-09-25 07:01:30,5.584,14157992338.470732,407718831.3931085
2024-09-25 08:08:07,5.644,14309349296.51949,415254575.18931556
2024-09-25 09:04:09,5.664,14350903163.766827,427770174.45243704
2024-09-25 10:25:36,5.692,14434192236.78582,449063476.0636837
2024-09-25 11:16:44,5.71,14477165795.359621,446310672.0641434
2024-09-25 12:01:48,5.708,14473901977.545622,448795595.49549633
2024-09-25 13:21:27,5.682,14408346035.691551,440283984.19295424
2024-09-25 14:13:49,5.708,14446894276.574917,442922140.9919262
2024-09-25 15:30:25,5.71,14454912111.34266,427433879.8027913
2024-09-25 16:21:57,5.675,14391292796.236153,419689555.9440826
2024-09-25 17:21:12,5.671,14386953425.980127,412450721.78637075
2024-09-25 18:05:52,5.657,14307914648.649189,417874008.2728065
2024-09-25 19:29:23,5.699,14444050280.793535,417503203.2503948
2024-09-25 20:17:25,5.719,14497710305.676004,415180955.94249624
2024-09-25 21:28:57,5.735,14540027431.956573,410415127.0062894
2024-09-25 22:01:29,5.725,14556139702.264032,411740873.8406687
2024-09-25 23:07:58,5.744,14602009371.47101,414377595.58879477
2024-09-26 00:00:10,5.718,14499543608.57935,411541571.99775285
2024-09-26 01:16:36,5.683,14339124951.836329,403032664.13002694
2024-09-26 02:07:58,5.699,14451809559.785942,392621014.4806161
2024-09-26 03:10:46,5.785,14669507022.50709,369729894.6442656
2024-09-26 04:04:47,5.771,14642696025.213123,386546115.71753365
2024-09-26 05:10:53,5.726,14516918667.540247,341665286.90191376
2024-09-26 06:23:41,5.785,14671462543.112593,335662123.7731491
2024-09-26 07:13:02,5.791,14691534419.850248,328233920.79552466
2024-09-26 08:20:27,5.824,14772428747.110518,342644580.7724852
2024-09-26 09:21:20,5.786,14667424667.06173,333680645.95394063
2024-09-26 10:18:44,5.799,14705372922.119404,341990684.7407739
2024-09-26 11:18:42,5.831,14774392354.762762,363763411.95885414
2024-09-26 12:11:48,5.802,14713697858.360224,366893076.0043698
2024-09-26 13:27:55,5.798,14701030515.112644,369551562.3632905
2024-09-26 14:17:03,5.821,14784168379.973948,381396711.6211378
2024-09-26 15:06:38,5.791,14647013453.19823,391994660.4831203
2024-09-26 16:31:30,5.888,14885232015.768946,415966254.11207193
2024-09-26 17:23:38,5.853,14909058547.66807,436802117.04279053
2024-09-26 18:10:36,5.794,14652403692.87721,452731727.26575786
2024-09-26 19:16:55,5.8,14710396020.026915,446034464.30093926
2024-09-26 20:02:48,5.768,14625351408.762962,447814067.4916465
2024-09-26 21:14:27,5.774,14635993600.686249,456265268.03783983
2024-09-26 22:12:35,5.8,14707150394.067726,454293504.81672686
2024-09-26 23:07:37,5.787,14676843036.270159,441854547.731365
2024-09-27 00:30:56,5.797,14688692712.61798,439718198.9474948
2024-09-27 01:07:17,5.813,14752620644.163868,439030545.5800216
2024-09-27 02:09:10,5.763,14592396126.119223,439476843.5479261
2024-09-27 03:21:14,5.742,14562914362.810692,421323172.42738336
2024-09-27 04:00:57,5.792,14683559860.832735,432524089.8159866
2024-09-27 05:06:51,5.808,14723332402.84006,429248738.0499275
2024-09-27 06:00:23,5.804,14731282470.326267,431467074.1485029
2024-09-27 07:07:38,5.834,14795801929.598434,433236092.16140026
2024-09-27 08:02:43,5.803,14717815618.7496,423578995.80470335
2024-09-27 09:05:25,5.887,14926053206.201315,421827353.71087855
2024-09-27 10:07:17,5.888,14942515552.442148,414809403.13444406
2024-09-27 11:10:55,5.86,14880385384.654762,411469850.0612467
2024-09-27 12:05:26,5.878,14905936090.010777,410155017.0391462
2024-09-27 13:11:41,5.998,15191657356.832481,417619464.733573
2024-09-27 14:04:30,6.008,15213220448.508192,446416187.0872794
2024-09-27 15:11:40,6.047,15324494715.587435,473304241.2805147
2024-09-27 16:07:39,5.985,15176180266.21295,471182498.79335773
2024-09-27 17:11:05,6.073,15414938369.991552,465064818.2050647
2024-09-27 18:11:12,6.076,15400383855.916254,477635360.86992085
2024-09-27 19:08:52,6.096,15457305955.62978,481740597.33682793
2024-09-27 20:07:30,6.035,15319029090.296238,483413408.26285267
2024-09-27 21:10:08,6.037,15309562770.354427,354710411.3655884
2024-09-27 22:08:15,6.002,15228384562.441067,488633203.3453437
2024-09-27 23:02:21,6.002,15223541166.600521,491379657.8686296
2024-09-28 00:02:50,5.986,15186684681.685442,482793275.4988624
2024-09-28 01:10:30,5.988,15193421888.144302,478464172.7365743
2024-09-28 02:02:03,6.03,15276751758.604362,477967123.31931245
2024-09-28 03:07:44,6.047,15334152198.655134,483601556.949279
2024-09-28 04:11:08,6.044,15334584806.314438,484729268.51731974
2024-09-28 05:13:02,6.036,15297427086.599009,487489871.9288989
2024-09-28 06:03:49,5.977,15159854326.370636,478469326.0257958
2024-09-28 07:05:56,5.929,15034535812.707163,482899501.8946101
2024-09-28 08:13:30,5.901,14974806937.170471,475372278.19251275
2024-09-28 09:12:37,5.847,14845875157.028212,473812872.8202698
2024-09-28 10:03:05,5.923,15015490223.416733,476767114.75380653
2024-09-28 11:11:46,5.929,15041874744.5555,470091810.801906
2024-09-28 12:07:09,5.935,15068304967.548325,467393596.96195716
2024-09-28 13:03:10,5.899,14971569157.062967,460598126.9366595
2024-09-28 14:02:39,5.855,14854070011.219128,421057200.967848
2024-09-28 15:13:22,5.843,14796232679.028248,385760248.0606849
2024-09-28 16:09:44,5.865,14852095902.442719,372781095.1812943
2024-09-28 17:13:31,5.845,14820685914.644321,333912351.85951614
2024-09-28 18:01:54,5.857,14853011258.314064,315721665.8457103
2024-09-28 19:04:47,5.876,14900581624.75167,311079002.3143567
2024-09-28 20:12:41,5.888,14927359616.883501,299097057.592563
2024-09-28 21:04:56,5.877,14902338945.863468,288802500.4430409
2024-09-28 22:12:47,5.859,14864396068.955246,281937314.62707675
2024-09-28 23:07:35,5.887,14926473725.897154,285146801.07699925
2024-09-29 00:10:46,5.867,14927365462.725641,283209633.3532315
2024-09-29 01:07:48,5.834,14777421735.895752,285920134.71608084
2024-09-29 02:04:31,5.832,14780406265.041239,281102533.06626564
2024-09-29 03:02:11,5.847,14827450319.744236,281470773.49135536
2024-09-29 04:02:09,5.864,14878607001.411411,283099827.21786046
2024-09-29 05:02:19,5.821,14761572680.746847,276783009.3228554
2024-09-29 06:02:59,5.808,14728453226.388668,278013368.3202228
2024-09-29 07:01:40,5.787,14682656411.806791,270262608.7376047
2024-09-29 08:02:32,5.748,14571686979.888535,277061087.15099126
2024-09-29 09:00:52,5.775,14643767484.08414,286077813.6637538
2024-09-29 10:10:58,5.812,14737924742.757084,281187493.96156174
2024-09-29 11:05:03,5.82,14759894091.487446,283430713.7045781
2024-09-29 12:08:54,5.824,14772060435.509062,286871787.71597576
2024-09-29 13:15:22,5.787,14631705516.348518,284871808.7129469
2024-09-29 14:14:47,5.798,14710533552.21207,274116963.9060024
2024-09-29 15:09:55,5.81,14740709078.340145,276764126.66430664
2024-09-29 16:14:23,5.837,14808774586.00836,275652955.3029903
2024-09-29 17:08:42,5.848,14809055212.457323,271096871.40719825
2024-09-29 18:01:19,5.86,14871301003.353151,279005912.53671837
2024-09-29 19:02:36,5.858,14855847375.560831,279645345.59774226
2024-09-29 20:00:40,5.881,14915543772.554945,278674570.5017764
2024-09-29 21:12:06,5.892,14937679249.740583,282265582.0133848
2024-09-29 22:02:09,5.891,14935696737.54347,282199280.31277615
2024-09-29 23:10:39,5.826,14801816619.221083,283121707.170086
2024-09-30 00:14:53,5.842,14823775957.209558,263359755.14923894
2024-09-30 01:04:29,5.85,14820109568.133978,279233557.38560766
2024-09-30 02:06:07,5.802,14704273205.27351,284391967.16066694
2024-09-30 03:13:01,5.753,14654379548.789608,290162887.51139045
2024-09-30 04:11:24,5.8,14709566905.842766,299351000.94230473
2024-09-30 05:05:55,5.792,14687931391.317255,297853656.0875519
2024-09-30 06:02:23,5.821,14754233507.883018,290153278.9113619
2024-09-30 07:05:47,5.805,14720059809.22748,283520946.45438397
2024-09-30 08:00:23,5.833,14786361601.893824,279210313.7224546
2024-09-30 09:00:53,5.831,14788729664.362768,271076262.94959134
2024-09-30 10:02:48,5.768,14636227835.012383,277519551.21550834
2024-09-30 11:01:15,5.776,14648292109.179335,287533110.4535893
2024-09-30 12:06:22,5.807,14730829791.151714,288621412.81295276
2024-09-30 13:06:55,5.831,14772858503.858892,270568802.3363199
2024-09-30 14:05:30,5.81,14726106772.254822,280701522.1998293
2024-09-30 15:02:26,5.815,14745066205.909826,263128013.56288227
2024-09-30 16:08:59,5.791,14665321046.112343,280827137.222713
2024-09-30 17:04:25,5.802,14709529575.606934,224031884.8463255
2024-09-30 18:03:42,5.835,14798048477.06422,180814931.37512246
2024-09-30 19:05:02,5.841,14810726092.329493,273953361.6062661
2024-09-30 20:01:29,5.853,14840861808.746399,287202501.6388004
2024-09-30 21:03:02,5.836,14767460599.406748,289090259.07464236
2024-09-30 22:04:56,5.829,14717099460.908339,280831536.03270125
2024-09-30 23:06:45,5.783,14608496484.336597,311171544.9895095
2024-10-01 00:05:38,5.707,14450668473.627695,315721321.0248501
2024-10-01 01:06:16,5.738,14483396455.627098,312752820.1887842
2024-10-01 02:05:44,5.735,14489656089.112524,326494441.11993814
2024-10-01 03:03:02,5.762,14541915641.705261,314836249.4892669
2024-10-01 04:01:23,5.801,14648609629.310616,317767930.29441154
2024-10-01 05:01:01,5.813,14676647772.062304,319176921.5058363
2024-10-01 06:05:22,5.79,14615943247.081768,320111628.3036039
2024-10-01 07:10:05,5.808,14688826063.02282,313957301.17610055
2024-10-01 08:02:06,5.812,14680483244.91757,316806118.57305115
2024-10-01 09:02:48,5.802,14654277030.745686,319822508.23477
2024-10-01 10:08:21,5.834,14734551378.586185,298129542.2684359
2024-10-01 11:04:07,5.834,14736741708.642368,284071135.22005546
2024-10-01 12:07:41,5.808,14660208921.512047,304345881.64820117
2024-10-01 13:03:42,5.8,14650213678.96347,302917809.4271477
2024-10-01 14:04:28,5.7,14352749543.531042,317545687.13840413
2024-10-01 15:02:58,5.548,14017273297.433949,357587716.16656166
2024-10-01 16:05:40,5.47,13850840247.918823,413783774.81597227
2024-10-01 17:06:41,5.451,13791438515.632103,437239754.38550097
2024-10-01 18:00:45,5.417,13628175523.553768,515596746.7609549
2024-10-01 19:13:31,5.352,13522909532.193007,500128418.1276789
2024-10-01 20:08:13,5.351,13544470344.997887,503895933.40125287
2024-10-01 21:12:42,5.312,13440887533.921103,535333875.82045835
2024-10-01 22:08:30,5.347,13545099931.235548,542730631.3952118
2024-10-01 23:12:35,5.376,13593402880.301453,540160357.0284129
2024-10-02 00:10:51,5.37,13580452292.711117,531676806.0068667
2024-10-02 01:03:44,5.398,13648278209.254484,534552305.7576829
2024-10-02 02:03:16,5.437,13749267682.413551,540441509.5101801
2024-10-02 03:12:21,5.449,13782769952.248951,537585927.1330099
2024-10-02 04:11:32,5.432,13754378743.67008,531769459.0714428
2024-10-02 05:11:45,5.44,13744654429.43611,532141205.7105199
2024-10-02 06:04:18,5.445,13759382614.410664,521490337.8671725
2024-10-02 07:11:59,5.485,13871412175.513098,539215271.6608788
2024-10-02 08:07:16,5.479,13857227144.642218,524993731.429241
2024-10-02 09:10:35,5.498,13882801253.492115,553304889.4243671
2024-10-02 10:02:59,5.405,13681383760.716055,548573371.6568456
2024-10-02 11:03:40,5.404,13678917965.643328,543093581.3336626
2024-10-02 12:07:24,5.418,13715565878.045883,577948554.2080798
2024-10-02 13:12:04,5.373,13560444876.304647,571484997.3601717
2024-10-02 14:08:52,5.413,13695290681.143927,571423602.8527279
2024-10-02 15:13:37,5.376,13592114939.852388,511044685.5403049
2024-10-02 16:13:33,5.447,13792162859.703478,485732238.445986
2024-10-02 17:04:39,5.42,13684069316.46833,458084074.71693957
2024-10-02 18:12:49,5.423,13822922220.576536,398820841.25382024
2024-10-02 19:06:56,5.316,13483065193.784256,390310651.96052957
2024-10-02 20:13:54,5.324,13468637820.061117,392026885.5419617
2024-10-02 21:02:44,5.364,13601709782.157604,380362296.2201462
2024-10-02 22:09:29,5.328,13522447086.124605,373089653.8298941
2024-10-02 23:10:38,5.347,13542875391.534388,374636294.9169418
2024-10-03 00:04:11,5.296,13422808588.938519,377372820.389674
2024-10-03 01:07:44,5.254,13307073616.64138,386338943.9588901
2024-10-03 02:12:35,5.255,13281300854.246662,398536790.8335058
2024-10-03 03:01:37,5.259,13332516729.02558,403081570.55562377
2024-10-03 04:08:23,5.312,13448782715.044083,418053359.973962
2024-10-03 05:08:45,5.291,13408113458.50388,418373053.7211661
2024-10-03 06:10:58,5.292,13385241377.589622,418058055.3024821
2024-10-03 07:07:16,5.308,13432333857.214003,411326243.18505245
2024-10-03 08:09:47,5.248,13294259163.131962,413364175.14527005
2024-10-03 09:06:58,5.157,13082440988.06177,430484660.2502359
2024-10-03 10:11:58,5.233,13235637096.417923,437165751.83889663
2024-10-03 11:05:29,5.254,13287268691.738024,439105854.06621486
2024-10-03 12:06:31,5.212,13254705890.23909,424452548.76115984
2024-10-03 13:09:12,5.224,13229072700.67566,417228900.37210816
2024-10-03 14:10:17,5.278,13360980143.942717,429062733.4866834
2024-10-03 15:11:59,5.237,13256090993.33476,423989412.3944117
2024-10-03 16:13:23,5.275,13348079879.778294,434280982.1737322
2024-10-03 17:04:14,5.25,13307153089.569904,437930985.60410476
2024-10-03 18:08:44,5.284,13370165908.57189,432355503.4810115
2024-10-03 19:12:55,5.286,13382533786.402876,415690756.8590364
2024-10-03 20:06:01,5.316,13464360995.400742,378134247.2317651
2024-10-03 21:06:57,5.271,13357752042.596369,388016285.51697725
2024-10-03 22:04:16,5.323,13479745825.279928,390118560.2753993
2024-10-03 23:09:37,5.321,13492047118.147617,384745351.9605811
2024-10-04 00:02:50,5.328,13492040931.366077,371442175.3641089
2024-10-04 01:08:31,5.322,13469824025.326685,349088093.1828561
2024-10-04 02:07:31,5.382,13634595466.302399,350475435.623585
2024-10-04 03:12:49,5.344,13533839653.286247,338669759.61537427
2024-10-04 04:08:29,5.343,13512903530.548384,332330850.230598
2024-10-04 05:01:06,5.333,13501132523.679611,324284766.94137037
2024-10-04 06:03:49,5.357,13564187642.957554,322336525.51138544
2024-10-04 07:11:21,5.319,13459066154.750969,320184233.1864591
2024-10-04 08:12:41,5.334,13505201270.233248,314486805.42332745
2024-10-04 09:10:28,5.343,13522883266.09028,295565819.9621353
2024-10-04 10:01:44,5.349,13537679735.922962,280912491.5402845
2024-10-04 11:11:07,5.355,13559891544.318651,264940774.38251406
2024-10-04 12:07:17,5.369,13604136280.45623,260123920.4047396
2024-10-04 13:10:34,5.378,13600307438.384474,259579153.93874013
2024-10-04 14:05:44,5.329,13513440083.07522,250598457.39054596
2024-10-04 15:01:54,5.338,13515012202.839119,245519819.45451966
2024-10-04 16:09:21,5.376,13634750220.191465,234150530.22367916
2024-10-04 17:07:38,5.399,13664908868.061613,230068861.8345794
2024-10-04 18:05:29,5.388,13649424141.90147,224969470.1397236
2024-10-04 19:10:46,5.402,13701392436.836779,205786855.09507328
2024-10-04 20:07:41,5.41,13683525943.247482,218007447.9984673
2024-10-04 21:06:31,5.41,13716512687.13547,218650077.93734586
2024-10-04 22:00:18,5.398,13681936874.958376,212475421.11907926
2024-10-04 23:01:34,5.398,13683834436.002018,212984159.4315335
2024-10-05 00:05:18,5.403,13687238285.23541,208741473.21212304
2024-10-05 01:13:14,5.411,13715235743.905073,206105771.82145974
2024-10-05 02:10:39,5.386,13662855788.383743,192990455.65247786
2024-10-05 03:03:23,5.37,13617028478.424776,193474689.14561495
2024-10-05 04:03:41,5.381,13638220847.431282,193015893.45850474
2024-10-05 05:05:49,5.398,13684047355.099787,188806440.1590561
2024-10-05 06:04:43,5.415,13727352808.820585,185870222.55865487
2024-10-05 07:06:50,5.423,13756231298.643524,190830583.33602685
2024-10-05 08:05:35,5.403,13700835719.717316,190684186.08789954
2024-10-05 09:11:52,5.406,13706215225.40155,183802041.17622393
2024-10-05 10:08:21,5.373,13624394516.957945,186638350.79921168
2024-10-05 11:13:11,5.377,13626901127.986162,187269927.89286426
2024-10-05 12:03:24,5.366,13609413269.771496,188268028.82526416
2024-10-05 13:06:44,5.359,13601610690.300823,181145717.30892226
2024-10-05 14:10:45,5.318,13485462226.15323,182664394.93768388
2024-10-05 15:05:18,5.33,13516035950.010977,178975906.02136445
2024-10-05 16:05:54,5.334,13517041733.06706,178034629.7769202
2024-10-05 17:01:45,5.282,13398571936.970314,169796867.04237083
2024-10-05 18:13:10,5.277,13411407417.521437,169260757.5024838
2024-10-05 19:01:44,5.259,13338873985.307713,176998118.0537399
2024-10-05 20:04:32,5.243,13295454328.26266,174640409.6500076
2024-10-05 21:11:24,5.199,13174148795.000124,177844209.90835994
2024-10-05 22:06:00,5.238,13275754806.217213,179651803.99600413
2024-10-05 23:11:50,5.232,13271960093.877392,181521270.0009478
2024-10-06 00:11:14,5.222,13262704555.083652,178845926.29066527
2024-10-06 01:04:59,5.212,13215455834.233585,178358635.26428515
2024-10-06 02:01:28,5.243,13276477836.536356,182007131.69121647
2024-10-06 03:01:01,5.214,13215336327.74255,182820460.48626977
2024-10-06 04:04:23,5.196,13174292727.670904,180849560.0986955
2024-10-06 05:00:25,5.197,13170350925.878874,182994217.25612298
2024-10-06 06:04:18,5.201,13186359272.279482,184421659.58472115
2024-10-06 07:01:08,5.196,13168678807.00738,183576980.13719442
2024-10-06 08:05:28,5.192,13162458437.42689,183167937.09853345
2024-10-06 09:01:17,5.187,13149305536.425438,184837003.1514387
2024-10-06 10:05:28,5.199,13194191434.456383,187208330.91621202
2024-10-06 11:06:24,5.205,13189417588.560934,185568428.23252752
2024-10-06 12:08:37,5.223,13230030507.321823,185707771.11871025
2024-10-06 13:06:20,5.238,13281051421.601213,186336912.34471366
2024-10-06 14:05:33,5.248,13314374564.06196,194948282.0140996
2024-10-06 15:07:45,5.27,13377971931.070208,201774221.07130483
2024-10-06 16:07:40,5.28,13371346659.800531,203220995.65440282
2024-10-06 17:08:36,5.239,13264421479.300024,202664192.4479525
2024-10-06 18:02:36,5.239,13303833272.997776,199447209.443231
2024-10-06 19:08:53,5.326,13488661058.70096,208571046.56663853
2024-10-06 20:05:29,5.289,13396790621.87009,210919731.99617496
2024-10-06 21:07:07,5.317,13461295703.660954,212152438.9507827
2024-10-06 22:08:24,5.292,13419028321.79878,212383550.511157
2024-10-06 23:09:39,5.329,13509850408.62836,212466202.00404218
2024-10-07 00:03:08,5.312,13474041679.994467,211181567.5112704
2024-10-07 01:09:19,5.357,13585201902.985842,218658853.53629607
2024-10-07 02:07:22,5.363,13600476008.88412,221884170.95485023
2024-10-07 03:04:27,5.36,13620325597.739073,231452140.4987526
2024-10-07 04:05:46,5.36,13594034179.833958,229565212.22828898
2024-10-07 05:02:02,5.326,13507319262.990244,233629489.2204256
2024-10-07 06:05:28,5.333,13520911293.96346,233941096.80068806
2024-10-07 07:08:02,5.357,13580723897.022165,230035018.58308467
2024-10-07 08:12:45,5.33,13528109503.33081,232012097.32594573
2024-10-07 09:09:40,5.306,13459168310.19783,234823442.26588467
2024-10-07 10:10:26,5.256,13330258725.950846,242535305.87846044
2024-10-07 11:08:39,5.207,13211361540.969921,248860507.9134309
2024-10-07 12:13:39,5.251,13375712205.63116,258612484.37464476
2024-10-07 13:01:26,5.237,13281820906.58457,260320863.6245369
2024-10-07 14:03:54,5.27,13346964180.284245,255278698.34274176
2024-10-07 15:01:06,5.284,13379246010.045618,258760235.89807174
2024-10-07 16:16:28,5.256,13354869545.030201,266300795.45781368
2024-10-07 17:10:58,5.278,13393574866.833805,264865477.795528
2024-10-07 18:15:44,5.273,13463508326.86567,253497049.6367837
2024-10-07 19:09:35,5.23,13255863381.219482,260174083.0600354
2024-10-07 20:05:44,5.247,13308434275.820555,107172069.86618401
2024-10-07 21:02:28,5.266,13349784686.86208,228959101.5433673
2024-10-07 22:13:41,5.271,13355815271.340822,280838536.22702026
2024-10-07 23:06:34,5.189,13170228365.577057,285270786.45802206
2024-10-08 00:06:32,5.21,13184474043.157406,292024366.8293862
2024-10-08 01:05:44,5.237,13293627908.85569,290121589.9330365
2024-10-08 02:08:22,5.246,13305203156.166735,285456145.58926785
2024-10-08 03:12:10,5.234,13270115948.507223,285135724.5739179
2024-10-08 04:04:30,5.237,13281877934.957317,285142591.27827615
2024-10-08 05:09:32,5.23,13283939578.069454,285059770.91161937
2024-10-08 06:02:30,5.177,13128871694.056795,293419207.1357345
2024-10-08 07:05:23,5.192,13155857220.687418,294634769.46748334
2024-10-08 08:03:53,5.18,13136707156.517767,288399574.07131666
2024-10-08 09:12:41,5.21,13206923875.565773,296443151.49937266
2024-10-08 10:14:12,5.205,13197546363.482182,295483588.75472337
2024-10-08 11:08:11,5.205,13200193393.357685,291602033.89098036
2024-10-08 12:13:54,5.222,13243266476.03076,290899948.0293357
2024-10-08 13:05:29,5.192,13176516593.926506,286200730.8403002
2024-10-08 14:12:48,5.207,13249066454.373724,306052506.416891
2024-10-08 15:12:40,5.215,13224509238.049105,310979612.67064697
2024-10-08 16:13:11,5.171,13119832896.97824,311643992.81649894
2024-10-08 17:00:58,5.213,13211602081.780136,317629388.2749198
2024-10-08 18:11:01,5.207,13186104444.68161,313501895.3902119
2024-10-08 19:03:59,5.196,13169690056.016592,307305912.5845587
2024-10-08 20:14:01,5.205,13197908665.696083,296774052.0044741
2024-10-08 21:08:08,5.22,13231981851.817392,281755431.07928485
2024-10-08 22:06:41,5.221,13241419760.018307,278489856.36292297
2024-10-08 23:03:52,5.195,13181229760.810265,272687026.56174326
2024-10-09 00:00:44,5.2,13186012519.225502,271523050.8823766
2024-10-09 01:07:24,5.21,13206267620.974918,267030406.91725543
2024-10-09 02:10:15,5.227,13258259690.602364,266820305.7801607
2024-10-09 03:03:53,5.218,13247627107.975079,266457881.05049667
2024-10-09 04:06:58,5.204,13192491372.528292,262674419.2529929
2024-10-09 05:12:28,5.2,13199575040.799309,260460415.55626878
2024-10-09 06:07:08,5.218,13246215924.156536,252676147.28154284
2024-10-09 07:06:39,5.211,13220456955.627785,248850943.0260176
2024-10-09 08:12:33,5.203,13191185448.311205,240349762.8210591
2024-10-09 09:05:50,5.208,13210702773.31645,239116696.17959365
2024-10-09 10:05:59,5.206,13206512916.618454,226174403.25154054
2024-10-09 11:12:41,5.217,13228157181.398159,230731963.82003286
2024-10-09 12:07:00,5.216,13216257353.527857,224398453.14749125
2024-10-09 13:10:13,5.187,13165147050.481558,227486679.43018782
2024-10-09 14:14:42,5.162,13084131679.51283,210821222.48929563
2024-10-09 15:06:06,5.137,13032632364.278942,198375985.11456168
2024-10-09 16:04:28,5.193,13193877837.489775,206475068.03571585
2024-10-09 17:01:00,5.145,13056288760.677343,210518061.74566963
2024-10-09 18:06:26,5.169,13092974600.667444,207563867.9407622
2024-10-09 19:03:19,5.111,12981210318.689274,216450598.84893784
2024-10-09 20:09:34,5.12,12988484655.145018,215821197.4914904
2024-10-09 21:12:51,5.026,12746156987.049925,243009885.29295462
2024-10-09 22:03:28,5.063,12844034401.336271,247550956.57959253
2024-10-09 23:13:25,5.067,12853120843.697428,250730776.1312085
2024-10-10 00:03:23,5.069,12871236129.562542,254112378.09274954
2024-10-10 01:11:00,5.062,12842510827.132341,253905207.12138286
2024-10-10 02:10:09,5.087,12898299894.818588,255572791.0180134
2024-10-10 03:01:00,5.082,12886169413.823698,259018332.59131163
2024-10-10 04:01:01,5.088,12906670676.154055,252168075.79580706
2024-10-10 05:03:51,5.089,12913009076.814299,251743598.68968004
2024-10-10 06:03:43,5.104,12950858444.851534,256008070.5165282
2024-10-10 07:06:13,5.107,12968818306.800577,255723209.5409894
2024-10-10 08:05:33,5.076,12883460905.810568,253960823.35769552
2024-10-10 09:10:27,5.051,12821813488.460243,255567699.18741694
2024-10-10 10:06:01,5.046,12800178529.524166,255020564.39714402
2024-10-10 11:14:40,5.071,12853295977.984602,258553650.35459274
2024-10-10 12:12:13,5.081,12887737773.23009,258507830.28756636
2024-10-10 13:06:19,5.043,12769352332.782001,265504997.3675211
2024-10-10 14:04:48,5.037,12723852563.269125,264532435.49037796
2024-10-10 15:11:41,5.044,12794423110.736963,257799488.6238454
2024-10-10 16:14:35,5.042,12792529137.506275,249304082.43616208
2024-10-10 17:00:27,5.046,12805424761.763725,238662537.097576
2024-10-10 18:13:19,4.989,12703041349.257397,243658076.51264024
2024-10-10 19:14:53,5.041,12789580619.221842,244260899.2977934
2024-10-10 20:13:20,5.073,12847244315.387114,240954522.81720448
2024-10-10 21:10:53,5.071,12877699938.857166,221280308.4715669
2024-10-10 22:00:46,5.095,12922041078.23629,224167110.45845473
2024-10-10 23:03:10,5.1,12948263692.868748,223094254.1172231
2024-10-11 00:08:48,5.128,13022916171.489494,222144921.54724523
2024-10-11 01:05:44,5.137,13024150035.924635,217753262.05757892
2024-10-11 02:11:56,5.145,13046452287.452774,216880024.83724925
2024-10-11 03:03:52,5.174,13130818819.216133,220904248.66533062
2024-10-11 04:13:56,5.176,13146873480.351675,220862519.52211285
2024-10-11 05:02:39,5.161,13086027608.949518,218971234.00090244
2024-10-11 06:10:10,5.155,13071815374.301695,216421352.51677495
2024-10-11 07:06:12,5.173,13130717181.53283,216043776.33978936
2024-10-11 08:14:54,5.163,13098722695.166885,214357304.02507108
2024-10-11 09:06:57,5.185,13154496550.266882,213111779.6108697
2024-10-11 10:07:27,5.206,13197424393.902674,209599683.20650586
2024-10-11 11:02:49,5.208,13209719627.672024,210390450.11413303
2024-10-11 12:13:49,5.219,13234477264.618763,208917411.31299534
2024-10-11 13:07:45,5.209,13213691521.324776,204992149.86009365
2024-10-11 14:16:57,5.225,13245438447.910244,199516319.8007599
2024-10-11 15:11:58,5.243,13276416964.965832,202438217.78425118
2024-10-11 16:04:09,5.252,13331753283.20803,203676893.8720924
2024-10-11 17:13:28,5.241,13296276558.38095,202344127.21372867
2024-10-11 18:15:58,5.246,13350310906.436779,196767983.56891602
2024-10-11 19:06:30,5.229,13264133779.52875,193072253.82862467
2024-10-11 20:14:46,5.215,13230722164.06068,188445522.905924
2024-10-11 21:13:54,5.237,13276508332.324377,185216535.23164892
2024-10-11 22:08:59,5.248,13319098064.205915,183751040.58022988
2024-10-11 23:04:23,5.224,13263720863.836637,184310997.5346563
2024-10-12 00:12:32,5.213,13230568770.208881,184070926.64970133
2024-10-12 01:13:11,5.225,13262143054.149788,183027162.1094575
2024-10-12 02:09:02,5.236,13289507144.851234,181449057.10172874
2024-10-12 03:02:18,5.207,13219337301.57441,179431509.37157404
2024-10-12 04:00:49,5.21,13219029938.908037,177189793.495792
2024-10-12 05:06:32,5.222,13253749024.385838,177208809.3714949
2024-10-12 06:13:54,5.24,13292013991.076935,177713891.7379622
2024-10-12 07:07:45,5.235,13285756422.01419,176966854.9870732
2024-10-12 08:08:29,5.242,13299337300.307318,187524931.2639368
2024-10-12 09:14:49,5.253,13337999528.932394,188862277.16678992
2024-10-12 10:14:13,5.274,13375869934.7533,188226476.72896752
2024-10-12 11:15:22,5.303,13441668247.60448,192742193.28572387
2024-10-12 12:14:17,5.277,13392111797.165648,194641335.23980287
2024-10-12 13:02:22,5.281,13402996003.855974,195145653.73698837
2024-10-12 14:02:43,5.285,13411415596.397919,194311693.63248944
2024-10-12 15:09:16,5.291,13426198722.973928,190604844.14092964
2024-10-12 16:05:19,5.281,13397844461.543201,161001902.63430816
2024-10-12 17:13:59,5.274,13394192164.652256,190755271.47295702
2024-10-12 18:10:28,5.283,13406547682.318731,173308397.55301872
2024-10-12 19:12:54,5.274,13385917025.922443,187634337.46007526
2024-10-12 20:15:24,5.277,13374516551.724926,183690061.95836025
2024-10-12 21:11:51,5.282,13406034418.706175,180752956.71189934
2024-10-12 22:01:09,5.28,13397239859.459978,180184560.28926247
2024-10-12 23:05:24,5.257,13343128513.621124,178306993.23920977
2024-10-13 00:15:37,5.245,13315519413.865587,176342203.19684273
2024-10-13 01:06:50,5.23,13303896522.650883,173398563.614797
2024-10-13 02:03:30,5.223,13254484779.404373,173890416.116325
2024-10-13 03:01:43,5.247,13320535348.742203,174016514.45244595
2024-10-13 04:02:53,5.235,13282045095.280447,173489654.5512519
2024-10-13 05:08:08,5.272,13375584968.716253,174926085.09841236
2024-10-13 06:09:17,5.281,13400237052.498537,174803191.36528963
2024-10-13 07:02:53,5.285,13414017441.10475,196572205.7472514
2024-10-13 08:03:49,5.298,13448849371.313307,191523465.90408397
2024-10-13 09:06:47,5.276,13374446115.569342,185142002.47904915
2024-10-13 10:01:04,5.273,13391318824.13314,181658869.41524994
2024-10-13 11:05:40,5.267,13355519322.595442,175902030.97471136
2024-10-13 12:13:25,5.253,13304337231.462484,172460088.898439
2024-10-13 13:07:46,5.26,13349007899.378914,169228325.97473544
2024-10-13 14:02:29,5.286,13417152806.578188,170244927.42153123
2024-10-13 15:03:41,5.216,13242197446.897736,175246917.72526965
2024-10-13 16:08:22,5.173,13130124958.552832,179681700.15836856
2024-10-13 17:00:49,5.203,13210620071.714014,190127002.45853606
2024-10-13 18:01:06,5.161,13096084054.391838,206877438.27669314
2024-10-13 19:06:41,5.135,13020457512.145409,217346765.0538253
2024-10-13 20:10:15,5.15,13071162519.161476,219548989.8689865
2024-10-13 21:03:24,5.169,13107701361.764797,222677038.41729587
2024-10-13 22:02:43,5.186,13166526084.13812,232189559.38799998
2024-10-13 23:01:48,5.183,13137793094.257025,225578574.99674034
2024-10-14 00:06:26,5.192,13172019895.230028,237122153.4929883
2024-10-14 01:09:49,5.172,13126543796.138126,239090630.2754759
2024-10-14 02:00:32,5.176,13138746113.678444,237659934.174175
2024-10-14 03:11:11,5.18,13147557686.119278,241683846.43094876
2024-10-14 04:05:42,5.273,13395433067.41794,260433832.29617956
2024-10-14 05:02:16,5.275,13389118951.390629,272693020.5747249
2024-10-14 06:02:31,5.262,13360147260.355919,281423202.6925075
2024-10-14 07:14:09,5.266,13380271607.859844,288559247.742896
2024-10-14 08:13:49,5.271,13385979747.398659,295528845.48632795
2024-10-14 09:03:32,5.27,13377202302.633017,299850396.5652368
2024-10-14 10:13:30,5.282,13410729071.683462,307047818.34038126
2024-10-14 11:07:59,5.288,13428136263.746403,310906410.18607295
2024-10-14 12:15:46,5.292,13435457316.138931,310911882.3655667
2024-10-14 13:14:21,5.266,13355532216.871054,313149686.21049714
2024-10-14 14:04:05,5.283,13404032091.58157,318784673.62796247
2024-10-14 15:00:52,5.298,13441203355.323101,331964181.7972789
2024-10-14 16:09:34,5.334,13529385777.316874,324163462.41804445
2024-10-14 17:01:32,5.315,13489571071.725182,331612619.9390969
2024-10-14 18:06:08,5.34,13561935144.322668,309922796.35184026
2024-10-14 19:14:19,5.334,13521830106.354836,311498158.8458267
2024-10-14 20:14:10,5.327,13525103940.956358,313180347.4156118
2024-10-14 21:09:02,5.326,13517318480.505247,307729378.414161
2024-10-14 22:11:19,5.331,13519588477.41118,303403354.33342296
2024-10-14 23:16:09,5.333,13546381994.66784,306355827.26863515
2024-10-15 00:09:12,5.322,13507263346.272894,310170566.71990335
2024-10-15 01:14:15,5.316,13470675356.735306,317693774.4207266
2024-10-15 02:03:42,5.302,13454688200.2575,318680241.0059338
2024-10-15 03:03:30,5.319,13500785909.10145,317470856.7892292
2024-10-15 04:16:36,5.264,13357888908.30306,301858050.1053658
2024-10-15 05:14:43,5.273,13390283986.852875,294649569.983797
2024-10-15 06:08:26,5.234,13295486792.208838,289791987.8241596
2024-10-15 07:09:41,5.271,13366306652.361382,289072047.6619872
2024-10-15 08:02:46,5.26,13356294809.068977,284809807.64144295
2024-10-15 09:17:45,5.283,13399165426.267105,285669950.74970925
2024-10-15 10:01:43,5.276,13401703705.997671,282648080.06979966
2024-10-15 11:12:23,5.265,13398504766.905396,284799508.9991397
2024-10-15 12:03:33,5.151,13064049249.814333,304752247.57975775
2024-10-15 13:05:46,5.238,13295335775.515171,325000217.46893775
2024-10-15 14:07:27,5.301,13474924402.197355,336107229.2707103
2024-10-15 15:03:08,5.176,13200371928.514185,353885306.0340426
2024-10-15 16:08:58,5.214,13228971937.647001,388929202.61474633
2024-10-15 17:11:25,5.233,13279163676.883783,386171272.0494386
2024-10-15 18:14:01,5.228,13298774701.461855,387454847.10838324
2024-10-15 19:16:29,5.213,13226763881.004337,394645855.2467393
2024-10-15 20:17:16,5.199,13212564333.79359,396068292.9639439
2024-10-15 21:15:31,5.158,13100598966.820667,403253186.4481759
2024-10-15 22:07:28,5.184,13190816252.245235,409121837.1724834
2024-10-15 23:10:27,5.198,13179588884.593287,400792356.1842085
2024-10-16 00:13:45,5.222,13257956323.351114,400221930.3815879
2024-10-16 01:12:49,5.209,13227727362.205418,395460627.74113774
2024-10-16 02:07:15,5.236,13301167926.232376,392547001.410095
2024-10-16 03:11:35,5.237,13291854799.75553,390789296.60676163
2024-10-16 04:08:18,5.21,13233408409.845108,385130327.39651996
2024-10-16 05:01:22,5.2,13199172739.950146,384605140.62685853
2024-10-16 06:05:11,5.21,13223584990.102266,382363088.6889933
2024-10-16 07:05:30,5.196,13204776289.324486,382414986.72395515
2024-10-16 08:12:57,5.193,13173884887.714113,370256198.24377483
2024-10-16 09:04:39,5.21,13233673255.17555,388796712.5350316
2024-10-16 10:07:58,5.221,13253454078.836708,384566763.38126606
2024-10-16 11:05:35,5.237,13293631415.340895,386133235.0763224
2024-10-16 12:02:07,5.254,13339724073.300837,370916382.5790841
2024-10-16 13:14:30,5.282,13439444167.87423,362862470.9050583
2024-10-16 14:14:56,5.298,13462430916.588963,346005459.12528515
2024-10-16 15:14:42,5.275,13373731516.261776,301901299.91189456
2024-10-16 16:10:41,5.248,13337310773.42232,287923472.1461472
2024-10-16 17:22:13,5.239,13288182685.59639,284050478.10799795
2024-10-16 18:18:31,5.241,13313814202.497889,280914084.10984147
2024-10-16 19:09:25,5.243,13337975249.585838,268222729.1589224
2024-10-16 20:16:10,5.248,13310703819.737774,242699824.69085276
2024-10-16 21:11:24,5.236,13298893510.407696,256154917.1700712
2024-10-16 22:08:39,5.242,13307239384.584446,252255555.77732643
2024-10-16 23:08:20,5.247,13320624234.06218,251181303.2120115
2024-10-17 00:17:03,5.233,13275841783.094099,248433997.68186295
2024-10-17 01:15:00,5.244,13318790376.655514,247365144.46425918
2024-10-17 02:16:11,5.244,13313788850.235056,244506421.48931938
2024-10-17 03:05:40,5.221,13256553496.561289,244202159.80183163
2024-10-17 04:04:05,5.222,13259578288.274464,242693605.31414732
2024-10-17 05:13:47,5.209,13226231775.353746,223188427.54086918
2024-10-17 06:02:44,5.197,13184343487.4211,240664113.12600812
2024-10-17 07:09:08,5.178,13143562813.22175,242239033.16236562
2024-10-17 08:15:24,5.18,13154403218.973936,241916601.68244436
2024-10-17 09:02:25,5.183,13161870109.648823,241131956.26167366
2024-10-17 10:11:54,5.178,13151702834.297989,238955489.37430954
2024-10-17 11:04:11,5.16,13099154881.581808,243297759.00155747
2024-10-17 12:04:35,5.115,13000164505.790865,237057060.6417704
2024-10-17 13:19:27,5.167,13124030656.776468,240854693.67594892
2024-10-17 14:19:01,5.187,13138007223.291964,253610292.04724562
2024-10-17 15:14:30,5.192,13173363377.012331,249954326.68972564
2024-10-17 16:00:42,5.206,13219810064.255522,249454829.8917186
2024-10-17 17:14:14,5.194,13181387888.806702,222482614.95692268
2024-10-17 18:14:05,5.129,13121744704.74184,243339814.0033007
2024-10-17 19:01:50,5.139,13054442915.2818,254155743.91052508
2024-10-17 20:15:05,5.157,13090843657.67217,262221021.58586937
2024-10-17 21:17:18,5.147,13076404896.852104,262149177.3337836
2024-10-17 22:16:04,5.171,13125887735.858662,268153337.8785024
2024-10-17 23:09:00,5.172,13132140945.969612,268781273.5377305
2024-10-18 00:05:47,5.181,13143849197.360512,270242839.3054024
2024-10-18 01:01:56,5.173,13136338570.808338,273000601.5209104
2024-10-18 02:01:46,5.223,13269507060.320606,277278094.2867973
2024-10-18 03:02:40,5.204,13207031107.45963,278656488.6496829
2024-10-18 04:12:40,5.192,13184817963.49544,279057827.6068234
2024-10-18 05:03:21,5.188,13173232693.210133,275989457.796028
2024-10-18 06:00:26,5.202,13189403651.017561,278810949.4484745
2024-10-18 07:11:00,5.214,13237722470.189856,272457831.4095072
2024-10-18 08:05:32,5.21,13232811952.886286,269929368.08131665
2024-10-18 09:16:31,5.223,13262053757.408138,256982284.5470486
2024-10-18 10:03:41,5.209,13223156565.122593,266227644.50246358
2024-10-18 11:19:56,5.217,13243241603.830189,259146987.00714415
2024-10-18 12:13:35,5.221,13239011841.555431,258468798.1605224
2024-10-18 13:03:39,5.205,13212228319.387146,243673361.06464592
2024-10-18 14:04:14,5.231,13283752437.383942,230030056.71614733
2024-10-18 15:13:29,5.222,13260210822.214205,231141373.2519474
2024-10-18 16:15:47,5.235,13292200202.652,238144446.8413373
2024-10-18 17:01:51,5.246,13326356286.64004,243845303.7086291
2024-10-18 18:00:30,5.239,13305643719.040325,236825983.79046452
2024-10-18 19:00:55,5.243,13306269818.570421,227267309.04854342
2024-10-18 20:11:46,5.222,13264062052.856749,219353512.17227995
2024-10-18 21:10:51,5.224,13267865777.911612,214159495.63447294
2024-10-18 22:16:52,5.219,13240988701.500439,212266136.72436896
2024-10-18 23:02:00,5.233,13285307073.203405,211906849.24460796
2024-10-19 00:10:42,5.25,13330066052.91505,211418018.4889692
2024-10-19 01:09:30,5.248,13324393667.982157,207974431.2466549
2024-10-19 02:19:44,5.258,13341444716.121683,202077991.67195806
2024-10-19 03:09:29,5.272,13385193784.799742,201627239.674091
2024-10-19 04:00:26,5.271,13376513009.866137,202098075.61922526
2024-10-19 05:04:53,5.255,13348187389.541971,200229078.56376618
2024-10-19 06:20:43,5.272,13380958885.549091,201237169.72600928
2024-10-19 07:20:59,5.275,13396216994.903406,199569921.94976458
2024-10-19 08:17:38,5.268,13375914318.782507,198666171.71105757
2024-10-19 09:10:30,5.272,13386590895.423475,196825703.21489915
2024-10-19 10:02:17,5.266,13373208828.506302,199817851.08548978
2024-10-19 11:09:21,5.254,13347341559.988909,195338524.82253948
2024-10-19 12:18:59,5.239,13301518753.207266,190700823.90633
2024-10-19 13:04:39,5.247,13321081541.513924,188797670.9366671
2024-10-19 14:03:44,5.239,13299608856.871286,181793483.58198324
2024-10-19 15:01:23,5.248,13327611075.666567,170823000.20726645
2024-10-19 16:14:24,5.243,13322041774.665934,154116184.47200227
2024-10-19 17:17:40,5.228,13275022706.217886,145603244.55289012
2024-10-19 18:07:58,5.23,13276887160.530367,143587041.03793994
2024-10-19 19:02:33,5.246,13321786787.157406,144871773.08152786
2024-10-19 20:05:07,5.249,13324297819.958336,139093979.8201997
2024-10-19 21:11:48,5.263,13360345607.278408,139728221.1782061
2024-10-19 22:13:47,5.25,13320305005.985832,138976864.4474953
2024-10-19 23:14:44,5.261,13362686182.648136,139308904.01583084
2024-10-20 00:13:55,5.268,13370917461.00031,140490193.13541964
2024-10-20 01:06:32,5.264,13366950967.876413,123987111.50912194
2024-10-20 02:06:56,5.269,13367071079.312302,138100474.0069506
2024-10-20 03:09:21,5.26,13360524334.205873,112294057.30510251
2024-10-20 04:05:58,5.26,13359676954.321146,134008469.10368356
2024-10-20 05:06:58,5.254,13345847112.401833,131534079.02343588
2024-10-20 06:11:16,5.276,13392290897.16145,130829751.39231853
2024-10-20 07:10:56,5.296,13448509088.781876,136385732.00644496
2024-10-20 08:06:08,5.294,13442525648.331352,134193689.61129689
2024-10-20 09:03:00,5.287,13428395946.102304,141145272.03102812
2024-10-20 10:05:33,5.291,13442218034.511152,137983772.3472365
2024-10-20 11:09:33,5.272,13383272355.456059,136241127.37075248
2024-10-20 12:05:14,5.275,13398260221.54294,134895281.78436902
2024-10-20 13:07:14,5.26,13354881505.046705,137078076.87957114
2024-10-20 14:04:32,5.274,13386760565.551065,140963161.55057546
2024-10-20 15:12:56,5.296,13446802714.545462,153288999.40694344
2024-10-20 16:02:47,5.288,13424230191.452414,157627147.78877342
2024-10-20 17:13:05,5.297,13449572748.415983,160187309.99830976
2024-10-20 18:03:38,5.293,13447838074.832317,164245358.37562045
2024-10-20 19:14:01,5.302,13465589046.805305,163948933.71632248
2024-10-20 20:13:58,5.304,13468036358.103762,164990891.5262797
2024-10-20 21:11:56,5.313,13490302545.895945,168597494.95408943
2024-10-20 22:04:59,5.317,13489136917.504547,172918213.0004722
2024-10-20 23:11:41,5.332,13540988722.350782,184172296.75564572
2024-10-21 00:09:50,5.357,13604182851.316235,192436411.42926267
2024-10-21 01:13:08,5.375,13655577264.76943,208013740.39535418
2024-10-21 02:04:12,5.362,13614288197.500074,212315568.4934836
2024-10-21 03:07:17,5.328,13523517684.512613,217916294.57310927
2024-10-21 04:07:18,5.34,13571620659.973759,226486735.0030235
2024-10-21 05:12:06,5.365,13634607272.705547,233646632.62190714
2024-10-21 06:09:44,5.357,13590765990.35274,235156358.5890116
2024-10-21 07:01:39,5.332,13573965310.760973,235623862.06385675
